# This file uses centimeters as units for non-parametric coordinates.

mtllib SM_Barrel.mtl
g default
v 50.821381 0.000000 -10.108977
v 47.872700 0.000000 -19.829498
v 43.084301 0.000000 -28.787983
v 36.640194 0.000000 -36.640160
v 28.788021 0.000000 -43.084278
v 19.829544 0.000000 -47.872692
v 10.109026 0.000000 -50.821388
v 0.000023 0.000000 -51.817047
v -10.108982 0.000000 -50.821396
v -19.829502 0.000000 -47.872715
v -28.787991 0.000000 -43.084312
v -36.640175 0.000000 -36.640198
v -43.084293 0.000000 -28.788029
v -47.872711 0.000000 -19.829546
v -50.821404 0.000000 -10.109024
v -51.817059 0.000000 -0.000017
v -50.821415 0.000000 10.108991
v -47.872726 0.000000 19.829517
v -43.084320 0.000000 28.788006
v -36.640209 0.000000 36.640190
v -28.788033 -0.000008 43.084316
v -19.829544 -0.000008 47.872730
v -10.109018 -0.000008 50.821419
v -0.000009 -0.000008 51.817074
v 10.109002 -0.000008 50.821426
v 19.829531 -0.000008 47.872742
v 28.788021 -0.000008 43.084332
v 36.640205 -0.000008 36.640217
v 43.084328 -0.000008 28.788034
v 47.872742 -0.000008 19.829544
v 50.821438 -0.000008 10.109014
v 51.817093 -0.000008 -0.000000
v 50.821381 164.971558 -10.108977
v 47.872700 164.971558 -19.829498
v 43.084301 164.971558 -28.787983
v 36.640194 164.971558 -36.640160
v 28.788021 164.971558 -43.084278
v 19.829544 164.971558 -47.872692
v 10.109026 164.971558 -50.821388
v 0.000023 164.971558 -51.817047
v -10.108982 164.971558 -50.821396
v -19.829502 164.971558 -47.872715
v -28.787991 164.971558 -43.084312
v -36.640175 164.971558 -36.640198
v -43.084293 164.971558 -28.788029
v -47.872711 164.971558 -19.829546
v -50.821404 164.971558 -10.109024
v -51.817059 164.971558 -0.000017
v -50.821415 164.971558 10.108991
v -47.872726 164.971558 19.829517
v -43.084320 164.971558 28.788006
v -36.640209 164.971558 36.640190
v -28.788033 164.971558 43.084316
v -19.829544 164.971558 47.872730
v -10.109018 164.971558 50.821419
v -0.000009 164.971558 51.817074
v 10.109002 164.971558 50.821426
v 19.829531 164.971558 47.872742
v 28.788021 164.971558 43.084332
v 36.640205 164.971558 36.640217
v 43.084328 164.971558 28.788034
v 47.872742 164.971558 19.829544
v 50.821438 164.971558 10.109014
v 51.817093 164.971558 -0.000000
v 56.046345 20.621441 -11.148287
v 52.794510 20.621441 -21.868177
v 47.513813 20.621441 -31.747688
v 40.407185 20.621441 -40.407150
v 31.747726 20.621441 -47.513790
v 21.868225 20.621441 -52.794502
v 11.148337 20.621441 -56.046356
v 0.000023 20.621441 -57.144379
v -11.148293 20.621445 -56.046364
v -21.868183 20.621441 -52.794529
v -31.747698 20.621445 -47.513828
v -40.407166 20.621445 -40.407192
v -47.513809 20.621445 -31.747738
v -52.794525 20.621445 -21.868231
v -56.046375 20.621445 -11.148338
v -57.144394 20.621445 -0.000020
v -56.046387 20.621445 11.148299
v -52.794540 20.621445 21.868196
v -47.513840 20.621445 31.747711
v -40.407207 20.621445 40.407181
v -31.747744 20.621437 47.513832
v -21.868229 20.621437 52.794544
v -11.148333 20.621437 56.046387
v -0.000012 20.621437 57.144405
v 11.148311 20.621437 56.046394
v 21.868212 20.621437 52.794556
v 31.747726 20.621437 47.513847
v 40.407196 20.621437 40.407211
v 47.513844 20.621437 31.747742
v 52.794556 20.621437 21.868227
v 56.046410 20.621437 11.148324
v 57.144428 20.621437 -0.000002
v 59.723850 38.536694 -11.879787
v 56.258644 38.536694 -23.303068
v 50.631451 38.536694 -33.830826
v 43.058521 38.536694 -43.058487
v 33.830864 38.536694 -50.631432
v 23.303116 38.536694 -56.258636
v 11.879840 38.536694 -59.723866
v 0.000024 38.536694 -60.893936
v -11.879792 38.536697 -59.723877
v -23.303078 38.536694 -56.258667
v -33.830841 38.536697 -50.631474
v -43.058502 38.536697 -43.058529
v -50.631451 38.536697 -33.830883
v -56.258667 38.536697 -23.303123
v -59.723885 38.536697 -11.879842
v -60.893948 38.536697 -0.000022
v -59.723892 38.536697 11.879799
v -56.258682 38.536697 23.303085
v -50.631485 38.536697 33.830853
v -43.058544 38.536697 43.058517
v -33.830887 38.536690 50.631470
v -23.303123 38.536690 56.258678
v -11.879836 38.536690 59.723900
v -0.000014 38.536690 60.893963
v 11.879810 38.536690 59.723907
v 23.303101 38.536690 56.258694
v 33.830864 38.536690 50.631493
v 43.058533 38.536690 43.058548
v 50.631485 38.536690 33.830883
v 56.258690 38.536690 23.303118
v 59.723915 38.536690 11.879826
v 60.893986 38.536690 -0.000002
v 62.279484 59.571129 -12.388134
v 58.665997 59.571129 -24.300228
v 52.798012 59.571129 -35.278477
v 44.901031 59.571129 -44.900993
v 35.278519 59.571129 -52.797997
v 24.300278 59.571129 -58.665989
v 12.388187 59.571129 -62.279499
v 0.000024 59.571129 -63.499641
v -12.388140 59.571136 -62.279507
v -24.300234 59.571129 -58.666019
v -35.278488 59.571136 -52.798038
v -44.901012 59.571136 -44.901039
v -52.798012 59.571136 -35.278534
v -58.666019 59.571136 -24.300285
v -62.279518 59.571136 -12.388190
v -63.499649 59.571136 -0.000024
v -62.279533 59.571136 12.388144
v -58.666042 59.571136 24.300243
v -52.798046 59.571136 35.278500
v -44.901054 59.571136 44.901028
v -35.278542 59.571129 52.798035
v -24.300285 59.571129 58.666042
v -12.388185 59.571129 62.279530
v -0.000015 59.571129 63.499668
v 12.388157 59.571129 62.279537
v 24.300259 59.571129 58.666046
v 35.278519 59.571129 52.798054
v 44.901043 59.571129 44.901054
v 52.798046 59.571129 35.278538
v 58.666042 59.571129 24.300280
v 62.279545 59.571129 12.388172
v 63.499687 59.571129 -0.000003
v 63.323929 82.485794 -12.595888
v 59.649845 82.485794 -24.707752
v 53.683456 82.485794 -35.870110
v 45.654037 82.485794 -45.653999
v 35.870152 82.485794 -53.683441
v 24.707802 82.485794 -59.649837
v 12.595941 82.485794 -63.323944
v 0.000024 82.485794 -64.564552
v -12.595893 82.485802 -63.323952
v -24.707760 82.485794 -59.649872
v -35.870121 82.485802 -53.683479
v -45.654018 82.485802 -45.654045
v -53.683453 82.485802 -35.870171
v -59.649876 82.485802 -24.707808
v -63.323971 82.485802 -12.595945
v -64.564560 82.485802 -0.000024
v -63.323986 82.485802 12.595898
v -59.649899 82.485802 24.707767
v -53.683487 82.485802 35.870132
v -45.654064 82.485802 45.654034
v -35.870178 82.485794 53.683475
v -24.707809 82.485794 59.649895
v -12.595939 82.485794 63.323975
v -0.000015 82.485794 64.564575
v 12.595913 82.485794 63.323994
v 24.707783 82.485794 59.649906
v 35.870152 82.485794 53.683495
v 45.654049 82.485794 45.654060
v 53.683491 82.485794 35.870167
v 59.649902 82.485794 24.707804
v 63.324001 82.485794 12.595926
v 64.564590 82.485794 -0.000003
v 62.279484 105.400459 -12.388134
v 58.665997 105.400459 -24.300228
v 52.798012 105.400459 -35.278477
v 44.901031 105.400459 -44.900993
v 35.278519 105.400459 -52.797993
v 24.300278 105.400459 -58.665993
v 12.388187 105.400459 -62.279499
v 0.000024 105.400459 -63.499645
v -12.388140 105.400467 -62.279507
v -24.300234 105.400459 -58.666019
v -35.278488 105.400467 -52.798038
v -44.901012 105.400467 -44.901039
v -52.798012 105.400467 -35.278534
v -58.666019 105.400467 -24.300285
v -62.279518 105.400467 -12.388190
v -63.499653 105.400467 -0.000024
v -62.279533 105.400467 12.388144
v -58.666046 105.400467 24.300245
v -52.798046 105.400467 35.278500
v -44.901054 105.400467 44.901028
v -35.278542 105.400467 52.798035
v -24.300285 105.400467 58.666035
v -12.388185 105.400467 62.279530
v -0.000015 105.400467 63.499668
v 12.388160 105.400467 62.279537
v 24.300259 105.400467 58.666054
v 35.278519 105.400467 52.798054
v 44.901043 105.400467 44.901054
v 52.798046 105.400467 35.278538
v 58.666050 105.400467 24.300280
v 62.279545 105.400467 12.388172
v 63.499687 105.400467 -0.000003
v 59.723850 126.434822 -11.879786
v 56.258640 126.434822 -23.303068
v 50.631454 126.434822 -33.830826
v 43.058521 126.434822 -43.058487
v 33.830864 126.434822 -50.631432
v 23.303120 126.434822 -56.258640
v 11.879840 126.434822 -59.723866
v 0.000024 126.434822 -60.893936
v -11.879792 126.434830 -59.723877
v -23.303078 126.434822 -56.258667
v -33.830841 126.434830 -50.631474
v -43.058502 126.434830 -43.058529
v -50.631443 126.434830 -33.830883
v -56.258667 126.434830 -23.303123
v -59.723885 126.434830 -11.879842
v -60.893951 126.434830 -0.000022
v -59.723892 126.434830 11.879799
v -56.258682 126.434830 23.303087
v -50.631485 126.434830 33.830853
v -43.058540 126.434830 43.058517
v -33.830887 126.434830 50.631466
v -23.303125 126.434830 56.258678
v -11.879836 126.434830 59.723900
v -0.000014 126.434830 60.893959
v 11.879811 126.434830 59.723907
v 23.303101 126.434830 56.258698
v 33.830864 126.434830 50.631493
v 43.058533 126.434830 43.058548
v 50.631485 126.434830 33.830883
v 56.258698 126.434830 23.303120
v 59.723915 126.434830 11.879826
v 60.893986 126.434830 -0.000002
v 56.046345 144.350098 -11.148286
v 52.794506 144.350098 -21.868177
v 47.513813 144.350098 -31.747688
v 40.407185 144.350098 -40.407150
v 31.747726 144.350098 -47.513790
v 21.868225 144.350098 -52.794502
v 11.148337 144.350098 -56.046356
v 0.000023 144.350098 -57.144379
v -11.148293 144.350098 -56.046364
v -21.868183 144.350098 -52.794525
v -31.747698 144.350098 -47.513828
v -40.407166 144.350098 -40.407192
v -47.513805 144.350098 -31.747738
v -52.794525 144.350098 -21.868231
v -56.046375 144.350098 -11.148338
v -57.144394 144.350098 -0.000020
v -56.046383 144.350098 11.148299
v -52.794540 144.350098 21.868196
v -47.513840 144.350098 31.747711
v -40.407200 144.350098 40.407181
v -31.747744 144.350098 47.513828
v -21.868229 144.350098 52.794544
v -11.148333 144.350098 56.046387
v -0.000012 144.350098 57.144402
v 11.148311 144.350098 56.046394
v 21.868210 144.350098 52.794556
v 31.747726 144.350098 47.513847
v 40.407196 144.350098 40.407211
v 47.513844 144.350098 31.747740
v 52.794556 144.350098 21.868227
v 56.046406 144.350098 11.148324
v 57.144428 144.350098 -0.000002
v 46.183357 0.000000 -9.186419
v 43.503777 0.000000 -18.019833
v 39.152374 0.000000 -26.160755
v 33.296368 0.000000 -33.296329
v 26.160791 0.000000 -39.152351
v 18.019876 0.000000 -43.503769
v 9.186465 0.000000 -46.183365
v 0.000022 0.000000 -47.088158
v -9.186421 0.000000 -46.183372
v -18.019836 0.000000 -43.503792
v -26.160761 0.000000 -39.152386
v -33.296349 0.000000 -33.296368
v -39.152367 0.000000 -26.160797
v -43.503784 0.000000 -18.019876
v -46.183376 0.000000 -9.186460
v -47.088169 0.000000 -0.000014
v -46.183388 0.000000 9.186433
v -43.503803 0.000000 18.019854
v -39.152390 0.000000 26.160778
v -33.296375 0.000000 33.296364
v -26.160797 -0.000008 39.152390
v -18.019873 -0.000008 43.503807
v -9.186456 -0.000008 46.183395
v -0.000007 -0.000008 47.088181
v 9.186443 -0.000008 46.183399
v 18.019865 -0.000008 43.503815
v 26.160791 -0.000008 39.152405
v 33.296375 -0.000008 33.296387
v 39.152401 -0.000008 26.160803
v 43.503815 -0.000008 18.019876
v 46.183411 -0.000008 9.186454
v 47.088203 -0.000008 0.000001
v 46.183361 164.971558 -9.186419
v 43.503780 164.971558 -18.019833
v 39.152374 164.971558 -26.160755
v 33.296368 164.971558 -33.296329
v 26.160791 164.971558 -39.152351
v 18.019876 164.971558 -43.503769
v 9.186465 164.971558 -46.183365
v 0.000022 164.971558 -47.088158
v -9.186421 164.971558 -46.183372
v -18.019836 164.971558 -43.503792
v -26.160761 164.971558 -39.152386
v -33.296349 164.971558 -33.296368
v -39.152367 164.971558 -26.160797
v -43.503784 164.971558 -18.019876
v -46.183376 164.971558 -9.186460
v -47.088169 164.971558 -0.000014
v -46.183388 164.971558 9.186433
v -43.503803 164.971558 18.019854
v -39.152390 164.971558 26.160778
v -33.296375 164.971558 33.296364
v -26.160797 164.971558 39.152390
v -18.019873 164.971558 43.503807
v -9.186456 164.971558 46.183395
v -0.000007 164.971558 47.088181
v 9.186443 164.971558 46.183399
v 18.019865 164.971558 43.503815
v 26.160791 164.971558 39.152405
v 33.296375 164.971558 33.296387
v 39.152401 164.971558 26.160803
v 43.503815 164.971558 18.019876
v 46.183411 164.971558 9.186454
v 47.088203 164.971558 0.000001
v 46.183357 1.904068 -9.186419
v 43.503777 1.904068 -18.019833
v 39.152374 1.904068 -26.160755
v 33.296368 1.904068 -33.296329
v 26.160791 1.904068 -39.152351
v 18.019876 1.904068 -43.503769
v 9.186465 1.904068 -46.183365
v 0.000022 1.904068 -47.088158
v -9.186421 1.904068 -46.183372
v -18.019836 1.904068 -43.503792
v -26.160761 1.904068 -39.152386
v -33.296349 1.904068 -33.296368
v -39.152367 1.904068 -26.160797
v -43.503784 1.904068 -18.019876
v -46.183376 1.904068 -9.186460
v -47.088169 1.904068 -0.000014
v -46.183388 1.904068 9.186433
v -43.503803 1.904068 18.019854
v -39.152390 1.904068 26.160778
v -33.296375 1.904068 33.296364
v -26.160797 1.904060 39.152390
v -18.019873 1.904060 43.503807
v -9.186456 1.904060 46.183395
v -0.000007 1.904060 47.088181
v 9.186443 1.904060 46.183399
v 18.019865 1.904060 43.503815
v 26.160791 1.904060 39.152405
v 33.296375 1.904060 33.296387
v 39.152401 1.904060 26.160803
v 43.503815 1.904060 18.019876
v 46.183411 1.904060 9.186454
v 47.088203 1.904060 0.000001
v 46.939995 163.001251 -9.336923
v 44.216515 163.001251 -18.315058
v 39.793816 163.001251 -26.589354
v 33.841869 163.001251 -33.841831
v 26.589390 163.001251 -39.793797
v 18.315100 163.001251 -44.216503
v 9.336969 163.001251 -46.939999
v 0.000022 163.001251 -47.859615
v -9.336926 163.001251 -46.940006
v -18.315060 163.001251 -44.216526
v -26.589359 163.001251 -39.793831
v -33.841854 163.001251 -33.841873
v -39.793812 163.001251 -26.589397
v -44.216518 163.001251 -18.315102
v -46.940010 163.001251 -9.336965
v -47.859627 163.001251 -0.000015
v -46.940025 163.001251 9.336936
v -44.216537 163.001251 18.315077
v -39.793835 163.001251 26.589376
v -33.841881 163.001251 33.841866
v -26.589397 163.001251 39.793835
v -18.315098 163.001251 44.216541
v -9.336961 163.001251 46.940029
v -0.000007 163.001251 47.859638
v 9.336947 163.001251 46.940033
v 18.315088 163.001251 44.216549
v 26.589390 163.001251 39.793850
v 33.841877 163.001251 33.841888
v 39.793846 163.001251 26.589401
v 44.216549 163.001251 18.315100
v 46.940044 163.001251 9.336958
v 47.859661 163.001251 0.000001
v 0.000004 165.488861 0.000018
v 0.000004 -0.439827 0.000017
vt 0.732325 0.587063
vt 0.704669 0.587063
vt 0.704669 0.572046
vt 0.732325 0.572046
vt 0.759828 0.587063
vt 0.759828 0.572046
vt 0.787298 0.587063
vt 0.787298 0.572046
vt 0.814608 0.587063
vt 0.814608 0.572046
vt 0.841857 0.587063
vt 0.841857 0.572046
vt 0.868645 0.587064
vt 0.868645 0.572046
vt 0.894499 0.587064
vt 0.894499 0.572046
vt 0.032210 0.587063
vt 0.032210 0.572046
vt 0.059926 0.587063
vt 0.059926 0.572046
vt 0.087868 0.587063
vt 0.087868 0.572046
vt 0.115811 0.587063
vt 0.115811 0.572046
vt 0.143736 0.587063
vt 0.143736 0.572046
vt 0.171653 0.587063
vt 0.171653 0.572046
vt 0.199568 0.587063
vt 0.199568 0.572046
vt 0.227477 0.587063
vt 0.227477 0.572046
vt 0.255411 0.587063
vt 0.255411 0.572046
vt 0.283538 0.587063
vt 0.283538 0.572046
vt 0.311704 0.587063
vt 0.311704 0.572046
vt 0.339867 0.587063
vt 0.339867 0.572046
vt 0.368038 0.587063
vt 0.368038 0.572046
vt 0.396217 0.587063
vt 0.396217 0.572046
vt 0.424399 0.587063
vt 0.424399 0.572046
vt 0.452595 0.587063
vt 0.452595 0.572046
vt 0.480796 0.587063
vt 0.480796 0.572046
vt 0.509014 0.587063
vt 0.509014 0.572046
vt 0.537227 0.587063
vt 0.537227 0.572046
vt 0.565397 0.587063
vt 0.565397 0.572046
vt 0.593530 0.587063
vt 0.593530 0.572046
vt 0.621448 0.587063
vt 0.621448 0.572046
vt 0.649312 0.587063
vt 0.649312 0.572046
vt 0.677000 0.587063
vt 0.677000 0.572046
vt 0.778267 0.483646
vt 0.809186 0.483641
vt 0.809186 0.561092
vt 0.778267 0.561092
vt 0.840104 0.483638
vt 0.840104 0.561092
vt 0.871023 0.483634
vt 0.871022 0.561092
vt 0.901941 0.483635
vt 0.901941 0.561092
vt 0.932860 0.483638
vt 0.932860 0.561092
vt 0.963778 0.561092
vt 0.005303 0.483647
vt 0.005303 0.561092
vt 0.036222 0.483642
vt 0.036222 0.561092
vt 0.067140 0.483638
vt 0.067140 0.561092
vt 0.098059 0.483634
vt 0.098059 0.561092
vt 0.128978 0.483634
vt 0.128978 0.561092
vt 0.159896 0.483637
vt 0.159896 0.561092
vt 0.190815 0.483642
vt 0.190815 0.561092
vt 0.221733 0.483645
vt 0.221733 0.561092
vt 0.252652 0.483647
vt 0.252652 0.561092
vt 0.283570 0.483647
vt 0.283570 0.561092
vt 0.314489 0.483642
vt 0.314489 0.561092
vt 0.345407 0.483638
vt 0.345407 0.561092
vt 0.376326 0.483633
vt 0.376326 0.561092
vt 0.407244 0.483620
vt 0.407244 0.561092
vt 0.438163 0.483617
vt 0.438163 0.561092
vt 0.469081 0.483625
vt 0.469081 0.561092
vt 0.500000 0.483622
vt 0.500000 0.561092
vt 0.530919 0.483625
vt 0.530919 0.561092
vt 0.561837 0.483616
vt 0.561837 0.561092
vt 0.592756 0.483620
vt 0.592756 0.561092
vt 0.623674 0.483633
vt 0.623674 0.561092
vt 0.654593 0.483638
vt 0.654593 0.561092
vt 0.685511 0.483641
vt 0.685511 0.561092
vt 0.716430 0.483648
vt 0.716430 0.561092
vt 0.747349 0.483646
vt 0.747349 0.561092
vt 0.778267 0.006220
vt 0.809186 0.006224
vt 0.809186 0.083699
vt 0.778267 0.083696
vt 0.840104 0.006236
vt 0.840104 0.083704
vt 0.871022 0.006245
vt 0.871023 0.083707
vt 0.901941 0.006252
vt 0.901941 0.083707
vt 0.932860 0.006254
vt 0.932860 0.083703
vt 0.005303 0.006249
vt 0.005303 0.083694
vt 0.036222 0.006252
vt 0.036222 0.083699
vt 0.067140 0.006254
vt 0.067140 0.083703
vt 0.098059 0.006253
vt 0.098059 0.083706
vt 0.128978 0.006245
vt 0.128978 0.083707
vt 0.159896 0.006236
vt 0.159896 0.083703
vt 0.190815 0.006224
vt 0.190815 0.083700
vt 0.221733 0.006220
vt 0.221733 0.083695
vt 0.252652 0.006223
vt 0.252652 0.083694
vt 0.283570 0.006229
vt 0.283570 0.083694
vt 0.314489 0.006246
vt 0.314489 0.083699
vt 0.345407 0.006285
vt 0.345407 0.083704
vt 0.376322 0.006305
vt 0.376326 0.083707
vt 0.407244 0.006292
vt 0.407244 0.083722
vt 0.438163 0.006307
vt 0.438163 0.083723
vt 0.469081 0.006316
vt 0.469081 0.083717
vt 0.500000 0.006318
vt 0.500000 0.083718
vt 0.530919 0.006316
vt 0.530919 0.083717
vt 0.561837 0.006307
vt 0.561837 0.083723
vt 0.592756 0.006292
vt 0.592756 0.083722
vt 0.623674 0.006279
vt 0.623674 0.083707
vt 0.654593 0.006264
vt 0.654593 0.083704
vt 0.685511 0.006246
vt 0.685511 0.083698
vt 0.716430 0.006229
vt 0.716430 0.083695
vt 0.747349 0.006223
vt 0.747349 0.083694
vt 0.809186 0.145157
vt 0.778267 0.145149
vt 0.840104 0.145158
vt 0.871023 0.145162
vt 0.901941 0.145158
vt 0.932860 0.145156
vt 0.005303 0.145148
vt 0.036222 0.145151
vt 0.067140 0.145155
vt 0.098059 0.145159
vt 0.128978 0.145161
vt 0.159896 0.145160
vt 0.190815 0.145156
vt 0.221733 0.145150
vt 0.252652 0.145145
vt 0.283570 0.145142
vt 0.314489 0.145140
vt 0.345407 0.145141
vt 0.376326 0.145151
vt 0.407244 0.145161
vt 0.438163 0.145156
vt 0.469081 0.145145
vt 0.500000 0.145144
vt 0.530919 0.145145
vt 0.561837 0.145156
vt 0.592756 0.145161
vt 0.623674 0.145151
vt 0.654593 0.145140
vt 0.685511 0.145141
vt 0.716430 0.145141
vt 0.747349 0.145146
vt 0.809186 0.212682
vt 0.778267 0.212682
vt 0.840104 0.212689
vt 0.871022 0.212688
vt 0.901941 0.212688
vt 0.932860 0.212686
vt 0.005303 0.212685
vt 0.036222 0.212684
vt 0.067140 0.212687
vt 0.098059 0.212687
vt 0.128978 0.212690
vt 0.159896 0.212687
vt 0.190815 0.212685
vt 0.221733 0.212680
vt 0.252652 0.212676
vt 0.283570 0.212672
vt 0.314489 0.212672
vt 0.345407 0.212673
vt 0.376326 0.212673
vt 0.407244 0.212671
vt 0.438163 0.212665
vt 0.469081 0.212677
vt 0.500000 0.212679
vt 0.530919 0.212677
vt 0.561837 0.212664
vt 0.592756 0.212672
vt 0.623674 0.212671
vt 0.654593 0.212675
vt 0.685511 0.212670
vt 0.716430 0.212674
vt 0.747349 0.212674
vt 0.809186 0.283672
vt 0.778267 0.283669
vt 0.840104 0.283669
vt 0.871022 0.283672
vt 0.901941 0.283670
vt 0.932860 0.283671
vt 0.005303 0.283671
vt 0.036222 0.283671
vt 0.067140 0.283670
vt 0.098059 0.283671
vt 0.128978 0.283670
vt 0.159896 0.283671
vt 0.190815 0.283670
vt 0.221733 0.283671
vt 0.252652 0.283670
vt 0.283570 0.283671
vt 0.314489 0.283671
vt 0.345407 0.283670
vt 0.376326 0.283672
vt 0.407244 0.283669
vt 0.438163 0.283672
vt 0.469081 0.283669
vt 0.500000 0.283673
vt 0.530919 0.283668
vt 0.561837 0.283673
vt 0.592756 0.283668
vt 0.623674 0.283673
vt 0.654593 0.283668
vt 0.685511 0.283673
vt 0.716430 0.283668
vt 0.747349 0.283673
vt 0.684366 0.647354
vt 0.658248 0.647354
vt 0.658248 0.639776
vt 0.684366 0.639777
vt 0.710484 0.647354
vt 0.710484 0.639777
vt 0.736602 0.647354
vt 0.736602 0.639777
vt 0.762719 0.647354
vt 0.762719 0.639777
vt 0.788837 0.647353
vt 0.788837 0.639779
vt 0.005303 0.647351
vt 0.005303 0.639774
vt 0.031421 0.647351
vt 0.031421 0.639774
vt 0.057539 0.647350
vt 0.057539 0.639776
vt 0.083657 0.647352
vt 0.083657 0.639774
vt 0.109775 0.647352
vt 0.109775 0.639774
vt 0.135892 0.647352
vt 0.135892 0.639774
vt 0.162010 0.647352
vt 0.162010 0.639774
vt 0.188128 0.647352
vt 0.188128 0.639775
vt 0.214246 0.647352
vt 0.214246 0.639775
vt 0.240363 0.647352
vt 0.240363 0.639775
vt 0.266481 0.647352
vt 0.266481 0.639775
vt 0.292599 0.647352
vt 0.292599 0.639775
vt 0.318717 0.647352
vt 0.318717 0.639775
vt 0.344835 0.647352
vt 0.344835 0.639775
vt 0.370952 0.647353
vt 0.370952 0.639775
vt 0.397070 0.647353
vt 0.397070 0.639775
vt 0.423188 0.647353
vt 0.423188 0.639775
vt 0.449306 0.647353
vt 0.449306 0.639776
vt 0.475424 0.647353
vt 0.475424 0.639776
vt 0.501541 0.647353
vt 0.501541 0.639776
vt 0.527659 0.647353
vt 0.527659 0.639776
vt 0.553777 0.647353
vt 0.553777 0.639776
vt 0.579895 0.647353
vt 0.579895 0.639776
vt 0.606013 0.647354
vt 0.606013 0.639776
vt 0.632131 0.647354
vt 0.632131 0.639776
vt 0.687003 0.596750
vt 0.714270 0.596750
vt 0.714270 0.612052
vt 0.687003 0.612052
vt 0.741552 0.596750
vt 0.741552 0.612052
vt 0.768785 0.596750
vt 0.768785 0.612052
vt 0.796052 0.596750
vt 0.796052 0.612052
vt 0.823310 0.596750
vt 0.823310 0.612052
vt 0.850563 0.596750
vt 0.850563 0.612052
vt 0.005303 0.596750
vt 0.005303 0.612052
vt 0.032736 0.596750
vt 0.032736 0.612052
vt 0.060009 0.596750
vt 0.060009 0.612052
vt 0.087252 0.596750
vt 0.087252 0.612052
vt 0.114516 0.596750
vt 0.114516 0.612052
vt 0.141786 0.596750
vt 0.141786 0.612052
vt 0.169046 0.596750
vt 0.169046 0.612052
vt 0.196320 0.596750
vt 0.196320 0.612052
vt 0.223587 0.596750
vt 0.223587 0.612052
vt 0.250839 0.596750
vt 0.250839 0.612052
vt 0.278104 0.596750
vt 0.278104 0.612052
vt 0.305358 0.596750
vt 0.305358 0.612052
vt 0.332611 0.596750
vt 0.332611 0.612052
vt 0.359858 0.596750
vt 0.359858 0.612052
vt 0.387128 0.596750
vt 0.387128 0.612052
vt 0.414386 0.596750
vt 0.414386 0.612052
vt 0.441659 0.596750
vt 0.441659 0.612052
vt 0.468920 0.596750
vt 0.468920 0.612052
vt 0.496183 0.596750
vt 0.496183 0.612052
vt 0.523450 0.596750
vt 0.523450 0.612052
vt 0.550697 0.596750
vt 0.550697 0.612052
vt 0.577967 0.596750
vt 0.577967 0.612052
vt 0.605217 0.596750
vt 0.605217 0.612052
vt 0.632472 0.596750
vt 0.632472 0.612052
vt 0.659749 0.596750
vt 0.659749 0.612052
vt 0.229266 0.683934
vt 0.152979 0.798105
vt 0.658249 0.621421
vt 0.684367 0.621421
vt 0.684367 0.629463
vt 0.658249 0.629463
vt 0.205526 0.671245
vt 0.100432 0.924964
vt 0.710484 0.621421
vt 0.710484 0.629463
vt 0.736602 0.621421
vt 0.736602 0.629463
vt 0.762720 0.621421
vt 0.762720 0.629463
vt 0.788838 0.621421
vt 0.788838 0.629460
vt 0.814956 0.621421
vt 0.814956 0.629462
vt 0.005303 0.621421
vt 0.005303 0.629463
vt 0.031421 0.621421
vt 0.031421 0.629462
vt 0.057539 0.621421
vt 0.057539 0.629460
vt 0.083657 0.621421
vt 0.083657 0.629463
vt 0.109775 0.621421
vt 0.109775 0.629463
vt 0.135892 0.621421
vt 0.135892 0.629463
vt 0.162010 0.621421
vt 0.162010 0.629463
vt 0.188128 0.621421
vt 0.188128 0.629463
vt 0.214246 0.621421
vt 0.214246 0.629463
vt 0.240364 0.621421
vt 0.240364 0.629463
vt 0.266481 0.621421
vt 0.266481 0.629463
vt 0.292599 0.621421
vt 0.292599 0.629463
vt 0.076693 0.912276
vt 0.055885 0.895199
vt 0.318717 0.621421
vt 0.318717 0.629463
vt 0.344835 0.621421
vt 0.344835 0.629463
vt 0.370953 0.621421
vt 0.370953 0.629463
vt 0.397071 0.621421
vt 0.397071 0.629463
vt 0.423188 0.621421
vt 0.423188 0.629463
vt 0.449306 0.621421
vt 0.449306 0.629463
vt 0.475424 0.621421
vt 0.475424 0.629463
vt 0.501542 0.621421
vt 0.501542 0.629463
vt 0.527660 0.621421
vt 0.527660 0.629463
vt 0.553778 0.621421
vt 0.553777 0.629463
vt 0.579895 0.621421
vt 0.579895 0.629463
vt 0.606013 0.621421
vt 0.606013 0.629463
vt 0.632131 0.621421
vt 0.632131 0.629463
vt 0.994697 0.422193
vt 0.963778 0.422190
vt 0.994697 0.354656
vt 0.963778 0.354657
vt 0.038809 0.874391
vt 0.026120 0.850652
vt 0.809186 0.354656
vt 0.778267 0.354662
vt 0.018306 0.824893
vt 0.015667 0.798105
vt 0.018306 0.771317
vt 0.026120 0.745558
vt 0.038808 0.721819
vt 0.055885 0.701011
vt 0.076693 0.683934
vt 0.100432 0.671246
vt 0.126191 0.663432
vt 0.152979 0.660793
vt 0.179767 0.663432
vt 0.250073 0.701011
vt 0.267150 0.721818
vt 0.279839 0.745558
vt 0.287653 0.771317
vt 0.290291 0.798105
vt 0.287653 0.824893
vt 0.279839 0.850652
vt 0.267150 0.874391
vt 0.250074 0.895199
vt 0.229266 0.912276
vt 0.205526 0.924965
vt 0.179768 0.932778
vt 0.152979 0.935417
vt 0.126191 0.932778
vt 0.416166 0.663431
vt 0.442953 0.798094
vt 0.390409 0.671244
vt 0.495494 0.924943
vt 0.469740 0.932756
vt 0.442953 0.935395
vt 0.416166 0.932757
vt 0.840104 0.354655
vt 0.871022 0.354651
vt 0.390409 0.924943
vt 0.366672 0.912255
vt 0.345866 0.895180
vt 0.328790 0.874374
vt 0.316102 0.850636
vt 0.308289 0.824880
vt 0.305651 0.798094
vt 0.308289 0.771308
vt 0.316103 0.745551
vt 0.328791 0.721813
vt 0.345866 0.701007
vt 0.366671 0.683932
vt 0.442952 0.660792
vt 0.469738 0.663431
vt 0.495495 0.671244
vt 0.519232 0.683932
vt 0.540039 0.701007
vt 0.557114 0.721813
vt 0.569802 0.745551
vt 0.577615 0.771307
vt 0.580253 0.798094
vt 0.577615 0.824880
vt 0.569802 0.850636
vt 0.557114 0.874374
vt 0.540039 0.895180
vt 0.519233 0.912255
vt 0.901941 0.354655
vt 0.932860 0.354654
vt 0.005303 0.354657
vt 0.036222 0.354657
vt 0.067140 0.354655
vt 0.098059 0.354654
vt 0.128978 0.354653
vt 0.159896 0.354653
vt 0.190815 0.354658
vt 0.221733 0.354660
vt 0.252652 0.354666
vt 0.283570 0.354669
vt 0.314489 0.354669
vt 0.345407 0.354669
vt 0.376326 0.354667
vt 0.407244 0.354673
vt 0.438163 0.354674
vt 0.469081 0.354668
vt 0.500000 0.354659
vt 0.530919 0.354668
vt 0.561837 0.354673
vt 0.592756 0.354674
vt 0.623674 0.354666
vt 0.654593 0.354671
vt 0.685511 0.354667
vt 0.716430 0.354672
vt 0.747349 0.354664
vt 0.809186 0.422185
vt 0.778267 0.422190
vt 0.840104 0.422181
vt 0.871023 0.422181
vt 0.901941 0.422182
vt 0.932860 0.422186
vt 0.005303 0.422193
vt 0.036222 0.422191
vt 0.067140 0.422186
vt 0.098059 0.422183
vt 0.128978 0.422180
vt 0.159896 0.422182
vt 0.190815 0.422184
vt 0.221733 0.422191
vt 0.252652 0.422195
vt 0.283570 0.422199
vt 0.314489 0.422201
vt 0.345407 0.422200
vt 0.376326 0.422191
vt 0.407244 0.422178
vt 0.438163 0.422187
vt 0.469081 0.422194
vt 0.500000 0.422199
vt 0.530919 0.422194
vt 0.561837 0.422187
vt 0.592756 0.422178
vt 0.623674 0.422192
vt 0.654593 0.422199
vt 0.685511 0.422203
vt 0.716430 0.422198
vt 0.747349 0.422197
vt 0.963778 0.483642
vt 0.994697 0.483647
vt 0.994697 0.561092
vt 0.963778 0.006251
vt 0.994697 0.006249
vt 0.963778 0.083699
vt 0.994697 0.083694
vt 0.963778 0.145150
vt 0.994697 0.145148
vt 0.963778 0.212685
vt 0.994697 0.212685
vt 0.963778 0.283670
vt 0.994697 0.283671
vt 0.841073 0.647354
vt 0.814955 0.647354
vt 0.814955 0.639777
vt 0.841073 0.639777
vt 0.841073 0.621421
vt 0.841073 0.629463
vt 0.877961 0.596750
vt 0.877961 0.612052
vt 0.005303 0.587063
vt 0.005303 0.572046
vn 0.954943 0.228040 -0.189953
vn 0.899537 0.228040 -0.372600
vn 0.894513 0.250127 -0.370518
vn 0.949608 0.250127 -0.188892
vn 0.899537 0.228040 -0.372600
vn 0.809562 0.228040 -0.540931
vn 0.805040 0.250127 -0.537909
vn 0.894513 0.250127 -0.370518
vn 0.809562 0.228040 -0.540931
vn 0.688476 0.228041 -0.688475
vn 0.684631 0.250127 -0.684629
vn 0.805040 0.250127 -0.537909
vn 0.688476 0.228041 -0.688475
vn 0.540932 0.228040 -0.809561
vn 0.537911 0.250127 -0.805039
vn 0.684631 0.250127 -0.684629
vn 0.540932 0.228040 -0.809561
vn 0.372601 0.228040 -0.899537
vn 0.370520 0.250127 -0.894512
vn 0.537911 0.250127 -0.805039
vn 0.372601 0.228040 -0.899537
vn 0.189951 0.228041 -0.954943
vn 0.188890 0.250127 -0.949609
vn 0.370520 0.250127 -0.894512
vn 0.189951 0.228041 -0.954943
vn 0.000001 0.228041 -0.973652
vn 0.000001 0.250127 -0.968213
vn 0.188890 0.250127 -0.949609
vn 0.000001 0.228041 -0.973652
vn -0.189950 0.228041 -0.954943
vn -0.188889 0.250127 -0.949609
vn 0.000001 0.250127 -0.968213
vn -0.189950 0.228041 -0.954943
vn -0.372600 0.228041 -0.899537
vn -0.370518 0.250127 -0.894512
vn -0.188889 0.250127 -0.949609
vn -0.372600 0.228041 -0.899537
vn -0.540931 0.228041 -0.809562
vn -0.537910 0.250127 -0.805040
vn -0.370518 0.250127 -0.894512
vn -0.540931 0.228041 -0.809562
vn -0.688475 0.228041 -0.688476
vn -0.684629 0.250127 -0.684631
vn -0.537910 0.250127 -0.805040
vn -0.688475 0.228041 -0.688476
vn -0.809561 0.228041 -0.540933
vn -0.805039 0.250127 -0.537911
vn -0.684629 0.250127 -0.684631
vn -0.809561 0.228041 -0.540933
vn -0.899537 0.228041 -0.372601
vn -0.894512 0.250128 -0.370520
vn -0.805039 0.250127 -0.537911
vn -0.899537 0.228041 -0.372601
vn -0.954943 0.228041 -0.189950
vn -0.949609 0.250128 -0.188889
vn -0.894512 0.250128 -0.370520
vn -0.954943 0.228041 -0.189950
vn -0.973652 0.228041 -0.000000
vn -0.968213 0.250128 -0.000000
vn -0.949609 0.250128 -0.188889
vn -0.973652 0.228041 -0.000000
vn -0.954943 0.228041 0.189950
vn -0.949609 0.250128 0.188889
vn -0.968213 0.250128 -0.000000
vn -0.954943 0.228041 0.189950
vn -0.899537 0.228041 0.372600
vn -0.894512 0.250127 0.370519
vn -0.949609 0.250128 0.188889
vn -0.899537 0.228041 0.372600
vn -0.809562 0.228041 0.540932
vn -0.805040 0.250127 0.537910
vn -0.894512 0.250127 0.370519
vn -0.809562 0.228041 0.540932
vn -0.688476 0.228041 0.688475
vn -0.684630 0.250127 0.684630
vn -0.805040 0.250127 0.537910
vn -0.688476 0.228041 0.688475
vn -0.540932 0.228041 0.809561
vn -0.537911 0.250127 0.805039
vn -0.684630 0.250127 0.684630
vn -0.540932 0.228041 0.809561
vn -0.372601 0.228041 0.899537
vn -0.370519 0.250127 0.894512
vn -0.537911 0.250127 0.805039
vn -0.372601 0.228041 0.899537
vn -0.189950 0.228041 0.954943
vn -0.188889 0.250127 0.949609
vn -0.370519 0.250127 0.894512
vn -0.189950 0.228041 0.954943
vn -0.000000 0.228041 0.973652
vn -0.000000 0.250127 0.968213
vn -0.188889 0.250127 0.949609
vn -0.000000 0.228041 0.973652
vn 0.189949 0.228041 0.954943
vn 0.188888 0.250127 0.949609
vn -0.000000 0.250127 0.968213
vn 0.189949 0.228041 0.954943
vn 0.372600 0.228041 0.899537
vn 0.370519 0.250127 0.894512
vn 0.188888 0.250127 0.949609
vn 0.372600 0.228041 0.899537
vn 0.540932 0.228041 0.809562
vn 0.537910 0.250127 0.805040
vn 0.370519 0.250127 0.894512
vn 0.540932 0.228041 0.809562
vn 0.688475 0.228041 0.688476
vn 0.684630 0.250127 0.684630
vn 0.537910 0.250127 0.805040
vn 0.688475 0.228041 0.688476
vn 0.809561 0.228041 0.540932
vn 0.805039 0.250127 0.537911
vn 0.684630 0.250127 0.684630
vn 0.809561 0.228041 0.540932
vn 0.899537 0.228041 0.372600
vn 0.894512 0.250127 0.370519
vn 0.805039 0.250127 0.537911
vn 0.899537 0.228041 0.372600
vn 0.954943 0.228041 0.189950
vn 0.949609 0.250127 0.188890
vn 0.894512 0.250127 0.370519
vn 0.954943 0.228041 0.189950
vn 0.973652 0.228041 -0.000003
vn 0.968213 0.250128 -0.000003
vn 0.949609 0.250127 0.188890
vn 0.973652 0.228041 -0.000003
vn 0.954943 0.228040 -0.189953
vn 0.949608 0.250127 -0.188892
vn 0.968213 0.250128 -0.000003
vn 0.949609 -0.250127 -0.188892
vn 0.894512 -0.250127 -0.370518
vn 0.899537 -0.228041 -0.372600
vn 0.954943 -0.228041 -0.189953
vn 0.894512 -0.250127 -0.370518
vn 0.805040 -0.250127 -0.537910
vn 0.809562 -0.228041 -0.540931
vn 0.899537 -0.228041 -0.372600
vn 0.805040 -0.250127 -0.537910
vn 0.684630 -0.250127 -0.684630
vn 0.688476 -0.228041 -0.688475
vn 0.809562 -0.228041 -0.540931
vn 0.684630 -0.250127 -0.684630
vn 0.537911 -0.250127 -0.805039
vn 0.540932 -0.228041 -0.809561
vn 0.688476 -0.228041 -0.688475
vn 0.537911 -0.250127 -0.805039
vn 0.370520 -0.250127 -0.894512
vn 0.372601 -0.228041 -0.899536
vn 0.540932 -0.228041 -0.809561
vn 0.370520 -0.250127 -0.894512
vn 0.188890 -0.250128 -0.949609
vn 0.189951 -0.228041 -0.954943
vn 0.372601 -0.228041 -0.899536
vn 0.188890 -0.250128 -0.949609
vn 0.000000 -0.250128 -0.968213
vn 0.000000 -0.228041 -0.973652
vn 0.189951 -0.228041 -0.954943
vn 0.000000 -0.250128 -0.968213
vn -0.188889 -0.250128 -0.949609
vn -0.189950 -0.228041 -0.954943
vn 0.000000 -0.228041 -0.973652
vn -0.188889 -0.250128 -0.949609
vn -0.370518 -0.250128 -0.894512
vn -0.372600 -0.228041 -0.899537
vn -0.189950 -0.228041 -0.954943
vn -0.370518 -0.250128 -0.894512
vn -0.537910 -0.250128 -0.805040
vn -0.540931 -0.228041 -0.809562
vn -0.372600 -0.228041 -0.899537
vn -0.537910 -0.250128 -0.805040
vn -0.684630 -0.250127 -0.684630
vn -0.688475 -0.228041 -0.688476
vn -0.540931 -0.228041 -0.809562
vn -0.684630 -0.250127 -0.684630
vn -0.805039 -0.250128 -0.537911
vn -0.809561 -0.228041 -0.540933
vn -0.688475 -0.228041 -0.688476
vn -0.805039 -0.250128 -0.537911
vn -0.894512 -0.250128 -0.370520
vn -0.899536 -0.228041 -0.372601
vn -0.809561 -0.228041 -0.540933
vn -0.894512 -0.250128 -0.370520
vn -0.949609 -0.250128 -0.188889
vn -0.954943 -0.228041 -0.189950
vn -0.899536 -0.228041 -0.372601
vn -0.949609 -0.250128 -0.188889
vn -0.968213 -0.250128 -0.000001
vn -0.973652 -0.228041 -0.000000
vn -0.954943 -0.228041 -0.189950
vn -0.968213 -0.250128 -0.000001
vn -0.949609 -0.250128 0.188889
vn -0.954943 -0.228041 0.189950
vn -0.973652 -0.228041 -0.000000
vn -0.949609 -0.250128 0.188889
vn -0.894512 -0.250128 0.370519
vn -0.899537 -0.228041 0.372600
vn -0.954943 -0.228041 0.189950
vn -0.894512 -0.250128 0.370519
vn -0.805040 -0.250128 0.537910
vn -0.809562 -0.228041 0.540931
vn -0.899537 -0.228041 0.372600
vn -0.805040 -0.250128 0.537910
vn -0.684630 -0.250128 0.684629
vn -0.688476 -0.228041 0.688475
vn -0.809562 -0.228041 0.540931
vn -0.684630 -0.250128 0.684629
vn -0.537911 -0.250128 0.805039
vn -0.540932 -0.228041 0.809561
vn -0.688476 -0.228041 0.688475
vn -0.537911 -0.250128 0.805039
vn -0.370519 -0.250128 0.894512
vn -0.372600 -0.228041 0.899537
vn -0.540932 -0.228041 0.809561
vn -0.370519 -0.250128 0.894512
vn -0.188889 -0.250128 0.949609
vn -0.189950 -0.228041 0.954943
vn -0.372600 -0.228041 0.899537
vn -0.188889 -0.250128 0.949609
vn -0.000000 -0.250128 0.968213
vn -0.000000 -0.228041 0.973652
vn -0.189950 -0.228041 0.954943
vn -0.000000 -0.250128 0.968213
vn 0.188889 -0.250128 0.949609
vn 0.189950 -0.228041 0.954943
vn -0.000000 -0.228041 0.973652
vn 0.188889 -0.250128 0.949609
vn 0.370519 -0.250128 0.894512
vn 0.372600 -0.228041 0.899537
vn 0.189950 -0.228041 0.954943
vn 0.370519 -0.250128 0.894512
vn 0.537910 -0.250128 0.805040
vn 0.540932 -0.228041 0.809562
vn 0.372600 -0.228041 0.899537
vn 0.537910 -0.250128 0.805040
vn 0.684630 -0.250128 0.684630
vn 0.688475 -0.228041 0.688476
vn 0.540932 -0.228041 0.809562
vn 0.684630 -0.250128 0.684630
vn 0.805039 -0.250128 0.537910
vn 0.809562 -0.228041 0.540932
vn 0.688475 -0.228041 0.688476
vn 0.805039 -0.250128 0.537910
vn 0.894512 -0.250128 0.370519
vn 0.899537 -0.228041 0.372601
vn 0.809562 -0.228041 0.540932
vn 0.894512 -0.250128 0.370519
vn 0.949609 -0.250128 0.188889
vn 0.954943 -0.228041 0.189951
vn 0.899537 -0.228041 0.372601
vn 0.949609 -0.250128 0.188889
vn 0.968213 -0.250128 -0.000003
vn 0.973652 -0.228041 -0.000003
vn 0.954943 -0.228041 0.189951
vn 0.968213 -0.250128 -0.000003
vn 0.949609 -0.250127 -0.188892
vn 0.954943 -0.228041 -0.189953
vn 0.973652 -0.228041 -0.000003
vn 0.954943 -0.228041 -0.189953
vn 0.899537 -0.228041 -0.372600
vn 0.912044 -0.159553 -0.377780
vn 0.968220 -0.159553 -0.192594
vn 0.899537 -0.228041 -0.372600
vn 0.809562 -0.228041 -0.540931
vn 0.820818 -0.159553 -0.548452
vn 0.912044 -0.159553 -0.377780
vn 0.809562 -0.228041 -0.540931
vn 0.688476 -0.228041 -0.688475
vn 0.698049 -0.159553 -0.698048
vn 0.820818 -0.159553 -0.548452
vn 0.688476 -0.228041 -0.688475
vn 0.540932 -0.228041 -0.809561
vn 0.548453 -0.159553 -0.820818
vn 0.698049 -0.159553 -0.698048
vn 0.540932 -0.228041 -0.809561
vn 0.372601 -0.228041 -0.899536
vn 0.377782 -0.159553 -0.912044
vn 0.548453 -0.159553 -0.820818
vn 0.372601 -0.228041 -0.899536
vn 0.189951 -0.228041 -0.954943
vn 0.192592 -0.159553 -0.968221
vn 0.377782 -0.159553 -0.912044
vn 0.189951 -0.228041 -0.954943
vn 0.000000 -0.228041 -0.973652
vn 0.000000 -0.159553 -0.987189
vn 0.192592 -0.159553 -0.968221
vn 0.000000 -0.228041 -0.973652
vn -0.189950 -0.228041 -0.954943
vn -0.192591 -0.159553 -0.968221
vn 0.000000 -0.159553 -0.987189
vn -0.189950 -0.228041 -0.954943
vn -0.372600 -0.228041 -0.899537
vn -0.377780 -0.159553 -0.912044
vn -0.192591 -0.159553 -0.968221
vn -0.372600 -0.228041 -0.899537
vn -0.540931 -0.228041 -0.809562
vn -0.548452 -0.159553 -0.820818
vn -0.377780 -0.159553 -0.912044
vn -0.540931 -0.228041 -0.809562
vn -0.688475 -0.228041 -0.688476
vn -0.698048 -0.159553 -0.698049
vn -0.548452 -0.159553 -0.820818
vn -0.688475 -0.228041 -0.688476
vn -0.809561 -0.228041 -0.540933
vn -0.820817 -0.159553 -0.548454
vn -0.698048 -0.159553 -0.698049
vn -0.809561 -0.228041 -0.540933
vn -0.899536 -0.228041 -0.372601
vn -0.912044 -0.159553 -0.377782
vn -0.820817 -0.159553 -0.548454
vn -0.899536 -0.228041 -0.372601
vn -0.954943 -0.228041 -0.189950
vn -0.968221 -0.159553 -0.192591
vn -0.912044 -0.159553 -0.377782
vn -0.954943 -0.228041 -0.189950
vn -0.973652 -0.228041 -0.000000
vn -0.987189 -0.159553 -0.000000
vn -0.968221 -0.159553 -0.192591
vn -0.973652 -0.228041 -0.000000
vn -0.954943 -0.228041 0.189950
vn -0.968221 -0.159553 0.192591
vn -0.987189 -0.159553 -0.000000
vn -0.954943 -0.228041 0.189950
vn -0.899537 -0.228041 0.372600
vn -0.912044 -0.159553 0.377781
vn -0.968221 -0.159553 0.192591
vn -0.899537 -0.228041 0.372600
vn -0.809562 -0.228041 0.540931
vn -0.820818 -0.159553 0.548452
vn -0.912044 -0.159553 0.377781
vn -0.809562 -0.228041 0.540931
vn -0.688476 -0.228041 0.688475
vn -0.698049 -0.159553 0.698048
vn -0.820818 -0.159553 0.548452
vn -0.688476 -0.228041 0.688475
vn -0.540932 -0.228041 0.809561
vn -0.548453 -0.159553 0.820818
vn -0.698049 -0.159553 0.698048
vn -0.540932 -0.228041 0.809561
vn -0.372600 -0.228041 0.899537
vn -0.377781 -0.159553 0.912044
vn -0.548453 -0.159553 0.820818
vn -0.372600 -0.228041 0.899537
vn -0.189950 -0.228041 0.954943
vn -0.192591 -0.159553 0.968221
vn -0.377781 -0.159553 0.912044
vn -0.189950 -0.228041 0.954943
vn -0.000000 -0.228041 0.973652
vn -0.000000 -0.159553 0.987189
vn -0.192591 -0.159553 0.968221
vn -0.000000 -0.228041 0.973652
vn 0.189950 -0.228041 0.954943
vn 0.192591 -0.159553 0.968221
vn -0.000000 -0.159553 0.987189
vn 0.189950 -0.228041 0.954943
vn 0.372600 -0.228041 0.899537
vn 0.377781 -0.159553 0.912044
vn 0.192591 -0.159553 0.968221
vn 0.372600 -0.228041 0.899537
vn 0.540932 -0.228041 0.809562
vn 0.548453 -0.159553 0.820818
vn 0.377781 -0.159553 0.912044
vn 0.540932 -0.228041 0.809562
vn 0.688475 -0.228041 0.688476
vn 0.698048 -0.159553 0.698048
vn 0.548453 -0.159553 0.820818
vn 0.688475 -0.228041 0.688476
vn 0.809562 -0.228041 0.540932
vn 0.820818 -0.159553 0.548453
vn 0.698048 -0.159553 0.698048
vn 0.809562 -0.228041 0.540932
vn 0.899537 -0.228041 0.372601
vn 0.912044 -0.159553 0.377781
vn 0.820818 -0.159553 0.548453
vn 0.899537 -0.228041 0.372601
vn 0.954943 -0.228041 0.189951
vn 0.968221 -0.159552 0.192592
vn 0.912044 -0.159553 0.377781
vn 0.954943 -0.228041 0.189951
vn 0.973652 -0.228041 -0.000003
vn 0.987189 -0.159553 -0.000003
vn 0.968221 -0.159552 0.192592
vn 0.973652 -0.228041 -0.000003
vn 0.954943 -0.228041 -0.189953
vn 0.968220 -0.159553 -0.192594
vn 0.987189 -0.159553 -0.000003
vn 0.968220 -0.159553 -0.192594
vn 0.912044 -0.159553 -0.377780
vn 0.920733 -0.082472 -0.381379
vn 0.977444 -0.082472 -0.194429
vn 0.912044 -0.159553 -0.377780
vn 0.820818 -0.159553 -0.548452
vn 0.828638 -0.082472 -0.553677
vn 0.920733 -0.082472 -0.381379
vn 0.820818 -0.159553 -0.548452
vn 0.698049 -0.159553 -0.698048
vn 0.704699 -0.082472 -0.704697
vn 0.828638 -0.082472 -0.553677
vn 0.698049 -0.159553 -0.698048
vn 0.548453 -0.159553 -0.820818
vn 0.553678 -0.082472 -0.828637
vn 0.704699 -0.082472 -0.704697
vn 0.548453 -0.159553 -0.820818
vn 0.377782 -0.159553 -0.912044
vn 0.381380 -0.082472 -0.920732
vn 0.553678 -0.082472 -0.828637
vn 0.377782 -0.159553 -0.912044
vn 0.192592 -0.159553 -0.968221
vn 0.194427 -0.082472 -0.977444
vn 0.381380 -0.082472 -0.920732
vn 0.192592 -0.159553 -0.968221
vn 0.000000 -0.159553 -0.987189
vn 0.000000 -0.082472 -0.996593
vn 0.194427 -0.082472 -0.977444
vn 0.000000 -0.159553 -0.987189
vn -0.192591 -0.159553 -0.968221
vn -0.194426 -0.082472 -0.977444
vn 0.000000 -0.082472 -0.996593
vn -0.192591 -0.159553 -0.968221
vn -0.377780 -0.159553 -0.912044
vn -0.381379 -0.082472 -0.920733
vn -0.194426 -0.082472 -0.977444
vn -0.377780 -0.159553 -0.912044
vn -0.548452 -0.159553 -0.820818
vn -0.553677 -0.082472 -0.828637
vn -0.381379 -0.082472 -0.920733
vn -0.548452 -0.159553 -0.820818
vn -0.698048 -0.159553 -0.698049
vn -0.704698 -0.082472 -0.704698
vn -0.553677 -0.082472 -0.828637
vn -0.698048 -0.159553 -0.698049
vn -0.820817 -0.159553 -0.548454
vn -0.828637 -0.082472 -0.553678
vn -0.704698 -0.082472 -0.704698
vn -0.820817 -0.159553 -0.548454
vn -0.912044 -0.159553 -0.377782
vn -0.920732 -0.082472 -0.381380
vn -0.828637 -0.082472 -0.553678
vn -0.912044 -0.159553 -0.377782
vn -0.968221 -0.159553 -0.192591
vn -0.977444 -0.082472 -0.194426
vn -0.920732 -0.082472 -0.381380
vn -0.968221 -0.159553 -0.192591
vn -0.987189 -0.159553 -0.000000
vn -0.996593 -0.082472 -0.000001
vn -0.977444 -0.082472 -0.194426
vn -0.987189 -0.159553 -0.000000
vn -0.968221 -0.159553 0.192591
vn -0.977444 -0.082472 0.194425
vn -0.996593 -0.082472 -0.000001
vn -0.968221 -0.159553 0.192591
vn -0.912044 -0.159553 0.377781
vn -0.920732 -0.082472 0.381379
vn -0.977444 -0.082472 0.194425
vn -0.912044 -0.159553 0.377781
vn -0.820818 -0.159553 0.548452
vn -0.828637 -0.082472 0.553677
vn -0.920732 -0.082472 0.381379
vn -0.820818 -0.159553 0.548452
vn -0.698049 -0.159553 0.698048
vn -0.704699 -0.082472 0.704697
vn -0.828637 -0.082472 0.553677
vn -0.698049 -0.159553 0.698048
vn -0.548453 -0.159553 0.820818
vn -0.553678 -0.082472 0.828637
vn -0.704699 -0.082472 0.704697
vn -0.548453 -0.159553 0.820818
vn -0.377781 -0.159553 0.912044
vn -0.381380 -0.082472 0.920732
vn -0.553678 -0.082472 0.828637
vn -0.377781 -0.159553 0.912044
vn -0.192591 -0.159553 0.968221
vn -0.194426 -0.082472 0.977444
vn -0.381380 -0.082472 0.920732
vn -0.192591 -0.159553 0.968221
vn -0.000000 -0.159553 0.987189
vn -0.000001 -0.082472 0.996593
vn -0.194426 -0.082472 0.977444
vn -0.000000 -0.159553 0.987189
vn 0.192591 -0.159553 0.968221
vn 0.194425 -0.082472 0.977444
vn -0.000001 -0.082472 0.996593
vn 0.192591 -0.159553 0.968221
vn 0.377781 -0.159553 0.912044
vn 0.381379 -0.082472 0.920732
vn 0.194425 -0.082472 0.977444
vn 0.377781 -0.159553 0.912044
vn 0.548453 -0.159553 0.820818
vn 0.553677 -0.082472 0.828637
vn 0.381379 -0.082472 0.920732
vn 0.548453 -0.159553 0.820818
vn 0.698048 -0.159553 0.698048
vn 0.704698 -0.082472 0.704698
vn 0.553677 -0.082472 0.828637
vn 0.698048 -0.159553 0.698048
vn 0.820818 -0.159553 0.548453
vn 0.828637 -0.082472 0.553678
vn 0.704698 -0.082472 0.704698
vn 0.820818 -0.159553 0.548453
vn 0.912044 -0.159553 0.377781
vn 0.920732 -0.082472 0.381380
vn 0.828637 -0.082472 0.553678
vn 0.912044 -0.159553 0.377781
vn 0.968221 -0.159552 0.192592
vn 0.977444 -0.082472 0.194426
vn 0.920732 -0.082472 0.381380
vn 0.968221 -0.159552 0.192592
vn 0.987189 -0.159553 -0.000003
vn 0.996593 -0.082472 -0.000003
vn 0.977444 -0.082472 0.194426
vn 0.987189 -0.159553 -0.000003
vn 0.968220 -0.159553 -0.192594
vn 0.977444 -0.082472 -0.194429
vn 0.996593 -0.082472 -0.000003
vn 0.977444 -0.082472 -0.194429
vn 0.920733 -0.082472 -0.381379
vn 0.923880 -0.000000 -0.382683
vn 0.980785 0.000000 -0.195093
vn 0.920733 -0.082472 -0.381379
vn 0.828638 -0.082472 -0.553677
vn 0.831470 0.000000 -0.555570
vn 0.923880 -0.000000 -0.382683
vn 0.828638 -0.082472 -0.553677
vn 0.704699 -0.082472 -0.704697
vn 0.707107 0.000000 -0.707106
vn 0.831470 0.000000 -0.555570
vn 0.704699 -0.082472 -0.704697
vn 0.553678 -0.082472 -0.828637
vn 0.555570 0.000000 -0.831469
vn 0.707107 0.000000 -0.707106
vn 0.553678 -0.082472 -0.828637
vn 0.381380 -0.082472 -0.920732
vn 0.382684 -0.000000 -0.923879
vn 0.555570 0.000000 -0.831469
vn 0.381380 -0.082472 -0.920732
vn 0.194427 -0.082472 -0.977444
vn 0.195092 -0.000000 -0.980785
vn 0.382684 -0.000000 -0.923879
vn 0.194427 -0.082472 -0.977444
vn 0.000000 -0.082472 -0.996593
vn 0.000000 -0.000000 -1.000000
vn 0.195092 -0.000000 -0.980785
vn 0.000000 -0.082472 -0.996593
vn -0.194426 -0.082472 -0.977444
vn -0.195090 -0.000000 -0.980785
vn 0.000000 -0.000000 -1.000000
vn -0.194426 -0.082472 -0.977444
vn -0.381379 -0.082472 -0.920733
vn -0.382682 -0.000000 -0.923880
vn -0.195090 -0.000000 -0.980785
vn -0.381379 -0.082472 -0.920733
vn -0.553677 -0.082472 -0.828637
vn -0.555570 0.000000 -0.831470
vn -0.382682 -0.000000 -0.923880
vn -0.553677 -0.082472 -0.828637
vn -0.704698 -0.082472 -0.704698
vn -0.707106 0.000000 -0.707107
vn -0.555570 0.000000 -0.831470
vn -0.704698 -0.082472 -0.704698
vn -0.828637 -0.082472 -0.553678
vn -0.831469 0.000000 -0.555571
vn -0.707106 0.000000 -0.707107
vn -0.828637 -0.082472 -0.553678
vn -0.920732 -0.082472 -0.381380
vn -0.923879 0.000000 -0.382684
vn -0.831469 0.000000 -0.555571
vn -0.920732 -0.082472 -0.381380
vn -0.977444 -0.082472 -0.194426
vn -0.980785 -0.000000 -0.195091
vn -0.923879 0.000000 -0.382684
vn -0.977444 -0.082472 -0.194426
vn -0.996593 -0.082472 -0.000001
vn -1.000000 -0.000000 -0.000001
vn -0.980785 -0.000000 -0.195091
vn -0.996593 -0.082472 -0.000001
vn -0.977444 -0.082472 0.194425
vn -0.980785 -0.000000 0.195090
vn -1.000000 -0.000000 -0.000001
vn -0.977444 -0.082472 0.194425
vn -0.920732 -0.082472 0.381379
vn -0.923880 -0.000000 0.382683
vn -0.980785 -0.000000 0.195090
vn -0.920732 -0.082472 0.381379
vn -0.828637 -0.082472 0.553677
vn -0.831470 -0.000000 0.555570
vn -0.923880 -0.000000 0.382683
vn -0.828637 -0.082472 0.553677
vn -0.704699 -0.082472 0.704697
vn -0.707107 0.000000 0.707106
vn -0.831470 -0.000000 0.555570
vn -0.704699 -0.082472 0.704697
vn -0.553678 -0.082472 0.828637
vn -0.555571 0.000000 0.831469
vn -0.707107 0.000000 0.707106
vn -0.553678 -0.082472 0.828637
vn -0.381380 -0.082472 0.920732
vn -0.382683 0.000000 0.923880
vn -0.555571 0.000000 0.831469
vn -0.381380 -0.082472 0.920732
vn -0.194426 -0.082472 0.977444
vn -0.195090 0.000000 0.980785
vn -0.382683 0.000000 0.923880
vn -0.194426 -0.082472 0.977444
vn -0.000001 -0.082472 0.996593
vn -0.000001 -0.000000 1.000000
vn -0.195090 0.000000 0.980785
vn -0.000001 -0.082472 0.996593
vn 0.194425 -0.082472 0.977444
vn 0.195090 -0.000000 0.980785
vn -0.000001 -0.000000 1.000000
vn 0.194425 -0.082472 0.977444
vn 0.381379 -0.082472 0.920732
vn 0.382683 -0.000000 0.923880
vn 0.195090 -0.000000 0.980785
vn 0.381379 -0.082472 0.920732
vn 0.553677 -0.082472 0.828637
vn 0.555570 -0.000000 0.831470
vn 0.382683 -0.000000 0.923880
vn 0.553677 -0.082472 0.828637
vn 0.704698 -0.082472 0.704698
vn 0.707107 0.000000 0.707107
vn 0.555570 -0.000000 0.831470
vn 0.704698 -0.082472 0.704698
vn 0.828637 -0.082472 0.553678
vn 0.831469 -0.000000 0.555571
vn 0.707107 0.000000 0.707107
vn 0.828637 -0.082472 0.553678
vn 0.920732 -0.082472 0.381380
vn 0.923880 -0.000000 0.382684
vn 0.831469 -0.000000 0.555571
vn 0.920732 -0.082472 0.381380
vn 0.977444 -0.082472 0.194426
vn 0.980785 -0.000000 0.195091
vn 0.923880 -0.000000 0.382684
vn 0.977444 -0.082472 0.194426
vn 0.996593 -0.082472 -0.000003
vn 1.000000 0.000000 -0.000003
vn 0.980785 -0.000000 0.195091
vn 0.996593 -0.082472 -0.000003
vn 0.977444 -0.082472 -0.194429
vn 0.980785 0.000000 -0.195093
vn 1.000000 0.000000 -0.000003
vn 0.980785 0.000000 -0.195093
vn 0.923880 -0.000000 -0.382683
vn 0.920733 0.082472 -0.381379
vn 0.977444 0.082472 -0.194429
vn 0.923880 -0.000000 -0.382683
vn 0.831470 0.000000 -0.555570
vn 0.828638 0.082472 -0.553677
vn 0.920733 0.082472 -0.381379
vn 0.831470 0.000000 -0.555570
vn 0.707107 0.000000 -0.707106
vn 0.704698 0.082472 -0.704698
vn 0.828638 0.082472 -0.553677
vn 0.707107 0.000000 -0.707106
vn 0.555570 0.000000 -0.831469
vn 0.553678 0.082472 -0.828637
vn 0.704698 0.082472 -0.704698
vn 0.555570 0.000000 -0.831469
vn 0.382684 -0.000000 -0.923879
vn 0.381380 0.082472 -0.920732
vn 0.553678 0.082472 -0.828637
vn 0.382684 -0.000000 -0.923879
vn 0.195092 -0.000000 -0.980785
vn 0.194427 0.082472 -0.977444
vn 0.381380 0.082472 -0.920732
vn 0.195092 -0.000000 -0.980785
vn 0.000000 -0.000000 -1.000000
vn 0.000000 0.082472 -0.996593
vn 0.194427 0.082472 -0.977444
vn 0.000000 -0.000000 -1.000000
vn -0.195090 -0.000000 -0.980785
vn -0.194426 0.082472 -0.977444
vn 0.000000 0.082472 -0.996593
vn -0.195090 -0.000000 -0.980785
vn -0.382682 -0.000000 -0.923880
vn -0.381379 0.082472 -0.920733
vn -0.194426 0.082472 -0.977444
vn -0.382682 -0.000000 -0.923880
vn -0.555570 0.000000 -0.831470
vn -0.553677 0.082472 -0.828638
vn -0.381379 0.082472 -0.920733
vn -0.555570 0.000000 -0.831470
vn -0.707106 0.000000 -0.707107
vn -0.704698 0.082472 -0.704698
vn -0.553677 0.082472 -0.828638
vn -0.707106 0.000000 -0.707107
vn -0.831469 0.000000 -0.555571
vn -0.828637 0.082472 -0.553678
vn -0.704698 0.082472 -0.704698
vn -0.831469 0.000000 -0.555571
vn -0.923879 0.000000 -0.382684
vn -0.920732 0.082472 -0.381380
vn -0.828637 0.082472 -0.553678
vn -0.923879 0.000000 -0.382684
vn -0.980785 -0.000000 -0.195091
vn -0.977444 0.082472 -0.194426
vn -0.920732 0.082472 -0.381380
vn -0.980785 -0.000000 -0.195091
vn -1.000000 -0.000000 -0.000001
vn -0.996593 0.082472 -0.000001
vn -0.977444 0.082472 -0.194426
vn -1.000000 -0.000000 -0.000001
vn -0.980785 -0.000000 0.195090
vn -0.977444 0.082473 0.194425
vn -0.996593 0.082472 -0.000001
vn -0.980785 -0.000000 0.195090
vn -0.923880 -0.000000 0.382683
vn -0.920732 0.082472 0.381380
vn -0.977444 0.082473 0.194425
vn -0.923880 -0.000000 0.382683
vn -0.831470 -0.000000 0.555570
vn -0.828637 0.082472 0.553677
vn -0.920732 0.082472 0.381380
vn -0.831470 -0.000000 0.555570
vn -0.707107 0.000000 0.707106
vn -0.704699 0.082472 0.704697
vn -0.828637 0.082472 0.553677
vn -0.707107 0.000000 0.707106
vn -0.555571 0.000000 0.831469
vn -0.553678 0.082472 0.828637
vn -0.704699 0.082472 0.704697
vn -0.555571 0.000000 0.831469
vn -0.382683 0.000000 0.923880
vn -0.381380 0.082472 0.920732
vn -0.553678 0.082472 0.828637
vn -0.382683 0.000000 0.923880
vn -0.195090 0.000000 0.980785
vn -0.194426 0.082472 0.977444
vn -0.381380 0.082472 0.920732
vn -0.195090 0.000000 0.980785
vn -0.000001 -0.000000 1.000000
vn -0.000001 0.082472 0.996593
vn -0.194426 0.082472 0.977444
vn -0.000001 -0.000000 1.000000
vn 0.195090 -0.000000 0.980785
vn 0.194425 0.082472 0.977444
vn -0.000001 0.082472 0.996593
vn 0.195090 -0.000000 0.980785
vn 0.382683 -0.000000 0.923880
vn 0.381379 0.082472 0.920732
vn 0.194425 0.082472 0.977444
vn 0.382683 -0.000000 0.923880
vn 0.555570 -0.000000 0.831470
vn 0.553677 0.082472 0.828637
vn 0.381379 0.082472 0.920732
vn 0.555570 -0.000000 0.831470
vn 0.707107 0.000000 0.707107
vn 0.704698 0.082472 0.704698
vn 0.553677 0.082472 0.828637
vn 0.707107 0.000000 0.707107
vn 0.831469 -0.000000 0.555571
vn 0.828637 0.082472 0.553678
vn 0.704698 0.082472 0.704698
vn 0.831469 -0.000000 0.555571
vn 0.923880 -0.000000 0.382684
vn 0.920732 0.082472 0.381380
vn 0.828637 0.082472 0.553678
vn 0.923880 -0.000000 0.382684
vn 0.980785 -0.000000 0.195091
vn 0.977444 0.082472 0.194426
vn 0.920732 0.082472 0.381380
vn 0.980785 -0.000000 0.195091
vn 1.000000 0.000000 -0.000003
vn 0.996593 0.082472 -0.000003
vn 0.977444 0.082472 0.194426
vn 1.000000 0.000000 -0.000003
vn 0.980785 0.000000 -0.195093
vn 0.977444 0.082472 -0.194429
vn 0.996593 0.082472 -0.000003
vn 0.977444 0.082472 -0.194429
vn 0.920733 0.082472 -0.381379
vn 0.912044 0.159553 -0.377780
vn 0.968220 0.159553 -0.192594
vn 0.920733 0.082472 -0.381379
vn 0.828638 0.082472 -0.553677
vn 0.820819 0.159553 -0.548452
vn 0.912044 0.159553 -0.377780
vn 0.828638 0.082472 -0.553677
vn 0.704698 0.082472 -0.704698
vn 0.698049 0.159553 -0.698048
vn 0.820819 0.159553 -0.548452
vn 0.704698 0.082472 -0.704698
vn 0.553678 0.082472 -0.828637
vn 0.548454 0.159553 -0.820818
vn 0.698049 0.159553 -0.698048
vn 0.553678 0.082472 -0.828637
vn 0.381380 0.082472 -0.920732
vn 0.377782 0.159553 -0.912044
vn 0.548454 0.159553 -0.820818
vn 0.381380 0.082472 -0.920732
vn 0.194427 0.082472 -0.977444
vn 0.192592 0.159553 -0.968221
vn 0.377782 0.159553 -0.912044
vn 0.194427 0.082472 -0.977444
vn 0.000000 0.082472 -0.996593
vn 0.000001 0.159553 -0.987189
vn 0.192592 0.159553 -0.968221
vn 0.000000 0.082472 -0.996593
vn -0.194426 0.082472 -0.977444
vn -0.192591 0.159553 -0.968221
vn 0.000001 0.159553 -0.987189
vn -0.194426 0.082472 -0.977444
vn -0.381379 0.082472 -0.920733
vn -0.377780 0.159553 -0.912044
vn -0.192591 0.159553 -0.968221
vn -0.381379 0.082472 -0.920733
vn -0.553677 0.082472 -0.828638
vn -0.548453 0.159553 -0.820818
vn -0.377780 0.159553 -0.912044
vn -0.553677 0.082472 -0.828638
vn -0.704698 0.082472 -0.704698
vn -0.698048 0.159553 -0.698049
vn -0.548453 0.159553 -0.820818
vn -0.704698 0.082472 -0.704698
vn -0.828637 0.082472 -0.553678
vn -0.820818 0.159553 -0.548454
vn -0.698048 0.159553 -0.698049
vn -0.828637 0.082472 -0.553678
vn -0.920732 0.082472 -0.381380
vn -0.912044 0.159553 -0.377782
vn -0.820818 0.159553 -0.548454
vn -0.920732 0.082472 -0.381380
vn -0.977444 0.082472 -0.194426
vn -0.968221 0.159553 -0.192592
vn -0.912044 0.159553 -0.377782
vn -0.977444 0.082472 -0.194426
vn -0.996593 0.082472 -0.000001
vn -0.987189 0.159553 -0.000000
vn -0.968221 0.159553 -0.192592
vn -0.996593 0.082472 -0.000001
vn -0.977444 0.082473 0.194425
vn -0.968221 0.159553 0.192591
vn -0.987189 0.159553 -0.000000
vn -0.977444 0.082473 0.194425
vn -0.920732 0.082472 0.381380
vn -0.912044 0.159553 0.377781
vn -0.968221 0.159553 0.192591
vn -0.920732 0.082472 0.381380
vn -0.828637 0.082472 0.553677
vn -0.820818 0.159553 0.548453
vn -0.912044 0.159553 0.377781
vn -0.828637 0.082472 0.553677
vn -0.704699 0.082472 0.704697
vn -0.698049 0.159553 0.698048
vn -0.820818 0.159553 0.548453
vn -0.704699 0.082472 0.704697
vn -0.553678 0.082472 0.828637
vn -0.548453 0.159553 0.820818
vn -0.698049 0.159553 0.698048
vn -0.553678 0.082472 0.828637
vn -0.381380 0.082472 0.920732
vn -0.377781 0.159553 0.912044
vn -0.548453 0.159553 0.820818
vn -0.381380 0.082472 0.920732
vn -0.194426 0.082472 0.977444
vn -0.192591 0.159553 0.968221
vn -0.377781 0.159553 0.912044
vn -0.194426 0.082472 0.977444
vn -0.000001 0.082472 0.996593
vn -0.000000 0.159553 0.987189
vn -0.192591 0.159553 0.968221
vn -0.000001 0.082472 0.996593
vn 0.194425 0.082472 0.977444
vn 0.192591 0.159553 0.968221
vn -0.000000 0.159553 0.987189
vn 0.194425 0.082472 0.977444
vn 0.381379 0.082472 0.920732
vn 0.377781 0.159553 0.912044
vn 0.192591 0.159553 0.968221
vn 0.381379 0.082472 0.920732
vn 0.553677 0.082472 0.828637
vn 0.548453 0.159553 0.820818
vn 0.377781 0.159553 0.912044
vn 0.553677 0.082472 0.828637
vn 0.704698 0.082472 0.704698
vn 0.698048 0.159553 0.698048
vn 0.548453 0.159553 0.820818
vn 0.704698 0.082472 0.704698
vn 0.828637 0.082472 0.553678
vn 0.820818 0.159553 0.548453
vn 0.698048 0.159553 0.698048
vn 0.828637 0.082472 0.553678
vn 0.920732 0.082472 0.381380
vn 0.912044 0.159553 0.377781
vn 0.820818 0.159553 0.548453
vn 0.920732 0.082472 0.381380
vn 0.977444 0.082472 0.194426
vn 0.968221 0.159553 0.192591
vn 0.912044 0.159553 0.377781
vn 0.977444 0.082472 0.194426
vn 0.996593 0.082472 -0.000003
vn 0.987189 0.159553 -0.000003
vn 0.968221 0.159553 0.192591
vn 0.996593 0.082472 -0.000003
vn 0.977444 0.082472 -0.194429
vn 0.968220 0.159553 -0.192594
vn 0.987189 0.159553 -0.000003
vn 0.968220 0.159553 -0.192594
vn 0.912044 0.159553 -0.377780
vn 0.899537 0.228040 -0.372600
vn 0.954943 0.228040 -0.189953
vn 0.912044 0.159553 -0.377780
vn 0.820819 0.159553 -0.548452
vn 0.809562 0.228040 -0.540931
vn 0.899537 0.228040 -0.372600
vn 0.820819 0.159553 -0.548452
vn 0.698049 0.159553 -0.698048
vn 0.688476 0.228041 -0.688475
vn 0.809562 0.228040 -0.540931
vn 0.698049 0.159553 -0.698048
vn 0.548454 0.159553 -0.820818
vn 0.540932 0.228040 -0.809561
vn 0.688476 0.228041 -0.688475
vn 0.548454 0.159553 -0.820818
vn 0.377782 0.159553 -0.912044
vn 0.372601 0.228040 -0.899537
vn 0.540932 0.228040 -0.809561
vn 0.377782 0.159553 -0.912044
vn 0.192592 0.159553 -0.968221
vn 0.189951 0.228041 -0.954943
vn 0.372601 0.228040 -0.899537
vn 0.192592 0.159553 -0.968221
vn 0.000001 0.159553 -0.987189
vn 0.000001 0.228041 -0.973652
vn 0.189951 0.228041 -0.954943
vn 0.000001 0.159553 -0.987189
vn -0.192591 0.159553 -0.968221
vn -0.189950 0.228041 -0.954943
vn 0.000001 0.228041 -0.973652
vn -0.192591 0.159553 -0.968221
vn -0.377780 0.159553 -0.912044
vn -0.372600 0.228041 -0.899537
vn -0.189950 0.228041 -0.954943
vn -0.377780 0.159553 -0.912044
vn -0.548453 0.159553 -0.820818
vn -0.540931 0.228041 -0.809562
vn -0.372600 0.228041 -0.899537
vn -0.548453 0.159553 -0.820818
vn -0.698048 0.159553 -0.698049
vn -0.688475 0.228041 -0.688476
vn -0.540931 0.228041 -0.809562
vn -0.698048 0.159553 -0.698049
vn -0.820818 0.159553 -0.548454
vn -0.809561 0.228041 -0.540933
vn -0.688475 0.228041 -0.688476
vn -0.820818 0.159553 -0.548454
vn -0.912044 0.159553 -0.377782
vn -0.899537 0.228041 -0.372601
vn -0.809561 0.228041 -0.540933
vn -0.912044 0.159553 -0.377782
vn -0.968221 0.159553 -0.192592
vn -0.954943 0.228041 -0.189950
vn -0.899537 0.228041 -0.372601
vn -0.968221 0.159553 -0.192592
vn -0.987189 0.159553 -0.000000
vn -0.973652 0.228041 -0.000000
vn -0.954943 0.228041 -0.189950
vn -0.987189 0.159553 -0.000000
vn -0.968221 0.159553 0.192591
vn -0.954943 0.228041 0.189950
vn -0.973652 0.228041 -0.000000
vn -0.968221 0.159553 0.192591
vn -0.912044 0.159553 0.377781
vn -0.899537 0.228041 0.372600
vn -0.954943 0.228041 0.189950
vn -0.912044 0.159553 0.377781
vn -0.820818 0.159553 0.548453
vn -0.809562 0.228041 0.540932
vn -0.899537 0.228041 0.372600
vn -0.820818 0.159553 0.548453
vn -0.698049 0.159553 0.698048
vn -0.688476 0.228041 0.688475
vn -0.809562 0.228041 0.540932
vn -0.698049 0.159553 0.698048
vn -0.548453 0.159553 0.820818
vn -0.540932 0.228041 0.809561
vn -0.688476 0.228041 0.688475
vn -0.548453 0.159553 0.820818
vn -0.377781 0.159553 0.912044
vn -0.372601 0.228041 0.899537
vn -0.540932 0.228041 0.809561
vn -0.377781 0.159553 0.912044
vn -0.192591 0.159553 0.968221
vn -0.189950 0.228041 0.954943
vn -0.372601 0.228041 0.899537
vn -0.192591 0.159553 0.968221
vn -0.000000 0.159553 0.987189
vn -0.000000 0.228041 0.973652
vn -0.189950 0.228041 0.954943
vn -0.000000 0.159553 0.987189
vn 0.192591 0.159553 0.968221
vn 0.189949 0.228041 0.954943
vn -0.000000 0.228041 0.973652
vn 0.192591 0.159553 0.968221
vn 0.377781 0.159553 0.912044
vn 0.372600 0.228041 0.899537
vn 0.189949 0.228041 0.954943
vn 0.377781 0.159553 0.912044
vn 0.548453 0.159553 0.820818
vn 0.540932 0.228041 0.809562
vn 0.372600 0.228041 0.899537
vn 0.548453 0.159553 0.820818
vn 0.698048 0.159553 0.698048
vn 0.688475 0.228041 0.688476
vn 0.540932 0.228041 0.809562
vn 0.698048 0.159553 0.698048
vn 0.820818 0.159553 0.548453
vn 0.809561 0.228041 0.540932
vn 0.688475 0.228041 0.688476
vn 0.820818 0.159553 0.548453
vn 0.912044 0.159553 0.377781
vn 0.899537 0.228041 0.372600
vn 0.809561 0.228041 0.540932
vn 0.912044 0.159553 0.377781
vn 0.968221 0.159553 0.192591
vn 0.954943 0.228041 0.189950
vn 0.899537 0.228041 0.372600
vn 0.968221 0.159553 0.192591
vn 0.987189 0.159553 -0.000003
vn 0.973652 0.228041 -0.000003
vn 0.954943 0.228041 0.189950
vn 0.987189 0.159553 -0.000003
vn 0.968220 0.159553 -0.192594
vn 0.954943 0.228040 -0.189953
vn 0.973652 0.228041 -0.000003
vn 0.000000 -1.000000 0.000000
vn -0.000000 -1.000000 -0.000000
vn -0.000000 -1.000000 -0.000000
vn 0.000000 -1.000000 0.000000
vn 0.000000 -1.000000 0.000000
vn 0.000000 -1.000000 0.000000
vn 0.000000 -1.000000 0.000000
vn 0.000000 -1.000000 0.000000
vn 0.000000 -1.000000 0.000000
vn 0.000000 -1.000000 0.000000
vn 0.000000 -1.000000 0.000000
vn 0.000000 -1.000000 0.000000
vn 0.000000 -1.000000 0.000000
vn 0.000000 -1.000000 0.000000
vn 0.000000 -1.000000 0.000000
vn 0.000000 -1.000000 0.000000
vn 0.000000 -1.000000 0.000000
vn 0.000000 -1.000000 0.000000
vn 0.000000 -1.000000 0.000000
vn 0.000000 -1.000000 0.000000
vn 0.000000 -1.000000 0.000000
vn 0.000000 -1.000000 0.000000
vn 0.000000 -1.000000 0.000000
vn 0.000000 -1.000000 0.000000
vn 0.000000 -1.000000 0.000000
vn 0.000000 -1.000000 0.000000
vn 0.000000 -1.000000 0.000000
vn 0.000000 -1.000000 0.000000
vn 0.000000 -1.000000 0.000000
vn 0.000000 -1.000000 0.000000
vn 0.000000 -1.000000 0.000000
vn 0.000000 -1.000000 0.000000
vn 0.000000 -1.000000 0.000000
vn 0.000000 -1.000000 0.000000
vn 0.000000 -1.000000 0.000000
vn 0.000000 -1.000000 0.000000
vn 0.000000 -1.000000 0.000000
vn 0.000000 -1.000000 0.000000
vn 0.000000 -1.000000 0.000000
vn 0.000000 -1.000000 0.000000
vn 0.000000 -1.000000 0.000000
vn 0.000000 -1.000000 0.000000
vn 0.000000 -1.000000 0.000000
vn 0.000000 -1.000000 0.000000
vn 0.000000 -1.000000 0.000000
vn 0.000000 -1.000000 0.000000
vn 0.000000 -1.000000 0.000000
vn 0.000000 -1.000000 0.000000
vn 0.000000 -1.000000 0.000000
vn 0.000000 -1.000000 0.000000
vn 0.000000 -1.000000 0.000000
vn 0.000000 -1.000000 0.000000
vn 0.000000 -1.000000 0.000000
vn 0.000000 -1.000000 0.000000
vn 0.000000 -1.000000 0.000000
vn 0.000000 -1.000000 0.000000
vn 0.000000 -1.000000 0.000000
vn 0.000000 -1.000000 0.000000
vn 0.000000 -1.000000 0.000000
vn 0.000000 -1.000000 0.000000
vn 0.000000 -1.000000 0.000000
vn 0.000000 -1.000000 0.000000
vn 0.000000 -1.000000 0.000000
vn 0.000000 -1.000000 0.000000
vn 0.000000 -1.000000 0.000000
vn 0.000000 -1.000000 0.000000
vn 0.000000 -1.000000 0.000000
vn 0.000000 -1.000000 0.000000
vn 0.000000 -1.000000 0.000000
vn 0.000000 -1.000000 0.000000
vn 0.000000 -1.000000 0.000000
vn 0.000000 -1.000000 0.000000
vn -0.000000 -1.000000 -0.000000
vn 0.000000 -1.000000 0.000000
vn 0.000000 -1.000000 0.000000
vn -0.000000 -1.000000 -0.000000
vn -0.000000 -1.000000 -0.000000
vn -0.000000 -1.000000 -0.000000
vn -0.000000 -1.000000 -0.000000
vn -0.000000 -1.000000 -0.000000
vn 0.000000 -1.000000 0.000000
vn -0.000000 -1.000000 -0.000000
vn -0.000000 -1.000000 -0.000000
vn 0.000000 -1.000000 0.000000
vn 0.000000 -1.000000 -0.000000
vn 0.000000 -1.000000 0.000000
vn 0.000000 -1.000000 0.000000
vn 0.000000 -1.000000 -0.000000
vn 0.000000 -1.000000 -0.000000
vn 0.000000 -1.000000 -0.000000
vn 0.000000 -1.000000 -0.000000
vn 0.000000 -1.000000 -0.000000
vn 0.000000 -1.000000 0.000000
vn 0.000000 -1.000000 -0.000000
vn 0.000000 -1.000000 -0.000000
vn 0.000000 -1.000000 0.000000
vn 0.000000 -1.000000 0.000000
vn 0.000000 -1.000000 0.000000
vn 0.000000 -1.000000 0.000000
vn 0.000000 -1.000000 0.000000
vn 0.000000 -1.000000 0.000000
vn 0.000000 -1.000000 0.000000
vn 0.000000 -1.000000 0.000000
vn 0.000000 -1.000000 0.000000
vn 0.000000 -1.000000 0.000000
vn 0.000000 -1.000000 0.000000
vn 0.000000 -1.000000 0.000000
vn 0.000000 -1.000000 0.000000
vn 0.000000 -1.000000 0.000000
vn 0.000000 -1.000000 0.000000
vn 0.000000 -1.000000 0.000000
vn 0.000000 -1.000000 0.000000
vn 0.000000 -1.000000 0.000000
vn 0.000000 -1.000000 0.000000
vn 0.000000 -1.000000 0.000000
vn 0.000000 -1.000000 0.000000
vn 0.000000 -1.000000 0.000000
vn 0.000000 -1.000000 0.000000
vn 0.000000 -1.000000 0.000000
vn 0.000000 -1.000000 0.000000
vn -0.000000 -1.000000 -0.000000
vn 0.000000 -1.000000 0.000000
vn 0.000000 -1.000000 0.000000
vn -0.000000 -1.000000 -0.000000
vn -0.000000 -1.000000 -0.000000
vn -0.000000 -1.000000 -0.000000
vn -0.000000 -1.000000 -0.000000
vn -0.000000 -1.000000 -0.000000
vn 0.000000 1.000000 0.000001
vn 0.000000 1.000000 0.000001
vn 0.000000 1.000000 0.000001
vn 0.000000 1.000000 0.000001
vn 0.000000 1.000000 0.000001
vn 0.000000 1.000000 0.000001
vn 0.000000 1.000000 0.000001
vn 0.000000 1.000000 0.000001
vn 0.000000 1.000000 0.000001
vn 0.000000 1.000000 0.000000
vn 0.000000 1.000000 0.000000
vn 0.000000 1.000000 0.000001
vn 0.000000 1.000000 0.000000
vn 0.000000 1.000000 0.000000
vn 0.000000 1.000000 0.000000
vn 0.000000 1.000000 0.000000
vn 0.000000 1.000000 0.000000
vn 0.000000 1.000000 0.000001
vn 0.000000 1.000000 0.000001
vn 0.000000 1.000000 0.000000
vn 0.000000 1.000000 0.000001
vn 0.000000 1.000000 0.000001
vn 0.000000 1.000000 0.000001
vn 0.000000 1.000000 0.000001
vn 0.000000 1.000000 0.000001
vn 0.000000 1.000000 0.000000
vn 0.000000 1.000000 0.000000
vn 0.000000 1.000000 0.000001
vn 0.000000 1.000000 0.000000
vn 0.000000 1.000000 0.000001
vn 0.000000 1.000000 0.000001
vn 0.000000 1.000000 0.000000
vn 0.000000 1.000000 0.000001
vn 0.000000 1.000000 0.000000
vn 0.000000 1.000000 0.000000
vn 0.000000 1.000000 0.000001
vn 0.000000 1.000000 0.000000
vn 0.000000 1.000000 -0.000001
vn 0.000000 1.000000 -0.000001
vn 0.000000 1.000000 0.000000
vn 0.000000 1.000000 -0.000001
vn 0.000000 1.000000 0.000000
vn 0.000000 1.000000 0.000000
vn 0.000000 1.000000 -0.000001
vn 0.000000 1.000000 0.000000
vn 0.000000 1.000000 0.000001
vn 0.000000 1.000000 0.000001
vn 0.000000 1.000000 0.000000
vn 0.000000 1.000000 0.000001
vn 0.000000 1.000000 0.000001
vn 0.000000 1.000000 0.000001
vn 0.000000 1.000000 0.000001
vn 0.000000 1.000000 0.000001
vn 0.000000 1.000000 0.000001
vn 0.000000 1.000000 0.000001
vn 0.000000 1.000000 0.000001
vn 0.000000 1.000000 0.000001
vn 0.000000 1.000000 0.000000
vn 0.000000 1.000000 0.000000
vn 0.000000 1.000000 0.000001
vn 0.000000 1.000000 0.000000
vn 0.000000 1.000000 0.000001
vn 0.000000 1.000000 0.000001
vn 0.000000 1.000000 0.000000
vn 0.000000 1.000000 0.000001
vn 0.000000 1.000000 0.000001
vn 0.000000 1.000000 0.000001
vn 0.000000 1.000000 0.000001
vn 0.000000 1.000000 0.000001
vn 0.000000 1.000000 0.000001
vn 0.000000 1.000000 0.000001
vn 0.000000 1.000000 0.000001
vn 0.000000 1.000000 0.000001
vn 0.000000 1.000000 0.000001
vn 0.000000 1.000000 0.000001
vn 0.000000 1.000000 0.000001
vn 0.000000 1.000000 0.000001
vn 0.000000 1.000000 0.000001
vn 0.000000 1.000000 0.000001
vn 0.000000 1.000000 0.000001
vn 0.000000 1.000000 0.000001
vn 0.000000 1.000000 0.000001
vn 0.000000 1.000000 0.000001
vn 0.000000 1.000000 0.000001
vn 0.000000 1.000000 0.000001
vn 0.000000 1.000000 -0.000001
vn 0.000000 1.000000 -0.000001
vn 0.000000 1.000000 0.000001
vn 0.000000 1.000000 -0.000001
vn 0.000000 1.000000 -0.000001
vn 0.000000 1.000000 -0.000001
vn 0.000000 1.000000 -0.000001
vn 0.000000 1.000000 -0.000001
vn 0.000000 1.000000 -0.000000
vn 0.000000 1.000000 -0.000000
vn 0.000000 1.000000 -0.000001
vn 0.000000 1.000000 -0.000000
vn 0.000000 1.000000 0.000001
vn 0.000000 1.000000 0.000001
vn 0.000000 1.000000 -0.000000
vn 0.000000 1.000000 0.000001
vn 0.000000 1.000000 -0.000000
vn 0.000000 1.000000 0.000000
vn 0.000000 1.000000 0.000001
vn 0.000000 1.000000 -0.000000
vn 0.000000 1.000000 -0.000001
vn 0.000000 1.000000 -0.000001
vn 0.000000 1.000000 0.000000
vn 0.000000 1.000000 -0.000001
vn 0.000000 1.000000 0.000001
vn 0.000000 1.000000 0.000001
vn 0.000000 1.000000 -0.000001
vn 0.000000 1.000000 0.000001
vn 0.000000 1.000000 0.000001
vn 0.000000 1.000000 0.000001
vn 0.000000 1.000000 0.000001
vn 0.000000 1.000000 0.000001
vn 0.000000 1.000000 0.000000
vn 0.000000 1.000000 0.000000
vn 0.000000 1.000000 0.000001
vn 0.000000 1.000000 0.000000
vn 0.000000 1.000000 0.000000
vn 0.000000 1.000000 0.000000
vn 0.000000 1.000000 0.000000
vn 0.000000 1.000000 0.000000
vn 0.000000 1.000000 0.000001
vn 0.000000 1.000000 0.000001
vn 0.000000 1.000000 0.000000
vn -0.923880 0.000000 0.382683
vn -0.980785 0.000000 0.195093
vn -0.980785 0.000000 0.195093
vn -0.923880 0.000000 0.382683
vn -0.831470 0.000000 0.555570
vn -0.923880 0.000000 0.382683
vn -0.923880 0.000000 0.382683
vn -0.831470 0.000000 0.555570
vn -0.707107 0.000000 0.707106
vn -0.831470 0.000000 0.555570
vn -0.831470 0.000000 0.555570
vn -0.707107 0.000000 0.707106
vn -0.555571 0.000000 0.831469
vn -0.707107 0.000000 0.707106
vn -0.707107 0.000000 0.707106
vn -0.555571 0.000000 0.831469
vn -0.382684 0.000000 0.923879
vn -0.555571 0.000000 0.831469
vn -0.555571 0.000000 0.831469
vn -0.382684 0.000000 0.923879
vn -0.195091 0.000000 0.980785
vn -0.382684 0.000000 0.923879
vn -0.382684 0.000000 0.923879
vn -0.195091 0.000000 0.980785
vn -0.000000 0.000000 1.000000
vn -0.195091 0.000000 0.980785
vn -0.195091 0.000000 0.980785
vn -0.000000 0.000000 1.000000
vn 0.195090 0.000000 0.980785
vn -0.000000 0.000000 1.000000
vn -0.000000 0.000000 1.000000
vn 0.195090 0.000000 0.980785
vn 0.382683 0.000000 0.923880
vn 0.195090 0.000000 0.980785
vn 0.195090 0.000000 0.980785
vn 0.382683 0.000000 0.923880
vn 0.555570 0.000000 0.831470
vn 0.382683 0.000000 0.923880
vn 0.382683 0.000000 0.923880
vn 0.555570 0.000000 0.831470
vn 0.707106 0.000000 0.707107
vn 0.555570 0.000000 0.831470
vn 0.555570 0.000000 0.831470
vn 0.707106 0.000000 0.707107
vn 0.831469 0.000000 0.555571
vn 0.707106 0.000000 0.707107
vn 0.707106 0.000000 0.707107
vn 0.831469 0.000000 0.555571
vn 0.923879 0.000000 0.382684
vn 0.831469 0.000000 0.555571
vn 0.831469 0.000000 0.555571
vn 0.923879 0.000000 0.382684
vn 0.980785 0.000000 0.195091
vn 0.923879 0.000000 0.382684
vn 0.923879 0.000000 0.382684
vn 0.980785 0.000000 0.195091
vn 1.000000 0.000000 0.000001
vn 0.980785 0.000000 0.195091
vn 0.980785 0.000000 0.195091
vn 1.000000 0.000000 0.000001
vn 0.980785 0.000000 -0.195090
vn 1.000000 0.000000 0.000001
vn 1.000000 0.000000 0.000001
vn 0.980785 0.000000 -0.195090
vn 0.923880 0.000000 -0.382683
vn 0.980785 0.000000 -0.195090
vn 0.980785 0.000000 -0.195090
vn 0.923880 0.000000 -0.382683
vn 0.831470 0.000000 -0.555570
vn 0.923880 0.000000 -0.382683
vn 0.923880 0.000000 -0.382683
vn 0.831470 0.000000 -0.555570
vn 0.707107 0.000000 -0.707106
vn 0.831470 0.000000 -0.555570
vn 0.831470 0.000000 -0.555570
vn 0.707107 0.000000 -0.707106
vn 0.555571 0.000000 -0.831469
vn 0.707107 0.000000 -0.707106
vn 0.707107 0.000000 -0.707106
vn 0.555571 0.000000 -0.831469
vn 0.382684 0.000000 -0.923880
vn 0.555571 0.000000 -0.831469
vn 0.555571 0.000000 -0.831469
vn 0.382684 0.000000 -0.923880
vn 0.195090 0.000000 -0.980785
vn 0.382684 0.000000 -0.923880
vn 0.382684 0.000000 -0.923880
vn 0.195090 0.000000 -0.980785
vn 0.000000 0.000000 -1.000000
vn 0.195090 0.000000 -0.980785
vn 0.195090 0.000000 -0.980785
vn 0.000000 0.000000 -1.000000
vn -0.195090 0.000000 -0.980785
vn 0.000000 0.000000 -1.000000
vn 0.000000 0.000000 -1.000000
vn -0.195090 0.000000 -0.980785
vn -0.382683 0.000000 -0.923880
vn -0.195090 0.000000 -0.980785
vn -0.195090 0.000000 -0.980785
vn -0.382683 0.000000 -0.923880
vn -0.555570 0.000000 -0.831470
vn -0.382683 0.000000 -0.923880
vn -0.382683 0.000000 -0.923880
vn -0.555570 0.000000 -0.831470
vn -0.707107 0.000000 -0.707107
vn -0.555570 0.000000 -0.831470
vn -0.555570 0.000000 -0.831470
vn -0.707107 0.000000 -0.707107
vn -0.831470 0.000000 -0.555570
vn -0.707107 0.000000 -0.707107
vn -0.707107 0.000000 -0.707107
vn -0.831470 0.000000 -0.555570
vn -0.923879 0.000000 -0.382684
vn -0.831470 0.000000 -0.555570
vn -0.831470 0.000000 -0.555570
vn -0.923879 0.000000 -0.382684
vn -0.980785 0.000000 -0.195091
vn -0.923879 0.000000 -0.382684
vn -0.923879 0.000000 -0.382684
vn -0.980785 0.000000 -0.195091
vn -1.000000 0.000000 0.000003
vn -0.980785 0.000000 -0.195091
vn -0.980785 0.000000 -0.195091
vn -1.000000 0.000000 0.000003
vn -0.980785 0.000000 0.195093
vn -1.000000 0.000000 0.000003
vn -1.000000 0.000000 0.000003
vn -0.980785 0.000000 0.195093
vn -0.980785 0.000000 0.195094
vn -0.923880 0.000000 0.382682
vn -0.923880 0.000000 0.382682
vn -0.980785 0.000000 0.195094
vn -0.923880 0.000000 0.382682
vn -0.831471 0.000000 0.555569
vn -0.831471 0.000000 0.555569
vn -0.923880 0.000000 0.382682
vn -0.831471 0.000000 0.555569
vn -0.707108 0.000000 0.707106
vn -0.707108 0.000000 0.707106
vn -0.831471 0.000000 0.555569
vn -0.707108 0.000000 0.707106
vn -0.555572 0.000000 0.831468
vn -0.555572 0.000000 0.831468
vn -0.707108 0.000000 0.707106
vn -0.555572 0.000000 0.831468
vn -0.382685 0.000000 0.923879
vn -0.382685 0.000000 0.923879
vn -0.555572 0.000000 0.831468
vn -0.382685 0.000000 0.923879
vn -0.195091 0.000000 0.980785
vn -0.195091 0.000000 0.980785
vn -0.382685 0.000000 0.923879
vn -0.195091 0.000000 0.980785
vn -0.000000 0.000000 1.000000
vn -0.000000 0.000000 1.000000
vn -0.195091 0.000000 0.980785
vn -0.000000 0.000000 1.000000
vn 0.195090 0.000000 0.980785
vn 0.195090 0.000000 0.980785
vn -0.000000 0.000000 1.000000
vn 0.195090 0.000000 0.980785
vn 0.382682 0.000000 0.923880
vn 0.382682 0.000000 0.923880
vn 0.195090 0.000000 0.980785
vn 0.382682 0.000000 0.923880
vn 0.555569 0.000000 0.831471
vn 0.555569 0.000000 0.831471
vn 0.382682 0.000000 0.923880
vn 0.555569 0.000000 0.831471
vn 0.707106 0.000000 0.707108
vn 0.707106 0.000000 0.707108
vn 0.555569 0.000000 0.831471
vn 0.707106 0.000000 0.707108
vn 0.831470 0.000000 0.555570
vn 0.831470 0.000000 0.555570
vn 0.707106 0.000000 0.707108
vn 0.831470 0.000000 0.555570
vn 0.923879 0.000000 0.382684
vn 0.923879 0.000000 0.382684
vn 0.831470 0.000000 0.555570
vn 0.923879 0.000000 0.382684
vn 0.980785 0.000000 0.195091
vn 0.980785 0.000000 0.195091
vn 0.923879 0.000000 0.382684
vn 0.980785 0.000000 0.195091
vn 1.000000 0.000000 0.000000
vn 1.000000 0.000000 0.000000
vn 0.980785 0.000000 0.195091
vn 1.000000 0.000000 0.000000
vn 0.980785 0.000000 -0.195090
vn 0.980785 0.000000 -0.195090
vn 1.000000 0.000000 0.000000
vn 0.980785 0.000000 -0.195090
vn 0.923880 0.000000 -0.382683
vn 0.923880 0.000000 -0.382683
vn 0.980785 0.000000 -0.195090
vn 0.923880 0.000000 -0.382683
vn 0.831470 0.000000 -0.555570
vn 0.831470 0.000000 -0.555570
vn 0.923880 0.000000 -0.382683
vn 0.831470 0.000000 -0.555570
vn 0.707106 0.000000 -0.707107
vn 0.707106 0.000000 -0.707107
vn 0.831470 0.000000 -0.555570
vn 0.707106 0.000000 -0.707107
vn 0.555569 0.000000 -0.831470
vn 0.555569 0.000000 -0.831470
vn 0.707106 0.000000 -0.707107
vn 0.555569 0.000000 -0.831470
vn 0.382683 0.000000 -0.923880
vn 0.382683 0.000000 -0.923880
vn 0.555569 0.000000 -0.831470
vn 0.382683 0.000000 -0.923880
vn 0.195090 0.000000 -0.980785
vn 0.195090 0.000000 -0.980785
vn 0.382683 0.000000 -0.923880
vn 0.195090 0.000000 -0.980785
vn 0.000000 0.000000 -1.000000
vn 0.000000 0.000000 -1.000000
vn 0.195090 0.000000 -0.980785
vn 0.000000 0.000000 -1.000000
vn -0.195090 0.000000 -0.980785
vn -0.195090 0.000000 -0.980785
vn 0.000000 0.000000 -1.000000
vn -0.195090 0.000000 -0.980785
vn -0.382683 0.000000 -0.923880
vn -0.382683 0.000000 -0.923880
vn -0.195090 0.000000 -0.980785
vn -0.382683 0.000000 -0.923880
vn -0.555570 0.000000 -0.831469
vn -0.555570 0.000000 -0.831469
vn -0.382683 0.000000 -0.923880
vn -0.555570 0.000000 -0.831469
vn -0.707107 0.000000 -0.707106
vn -0.707107 0.000000 -0.707106
vn -0.555570 0.000000 -0.831469
vn -0.707107 0.000000 -0.707106
vn -0.831469 0.000000 -0.555571
vn -0.831469 0.000000 -0.555571
vn -0.707107 0.000000 -0.707106
vn -0.831469 0.000000 -0.555571
vn -0.923880 0.000000 -0.382684
vn -0.923880 0.000000 -0.382684
vn -0.831469 0.000000 -0.555571
vn -0.923880 0.000000 -0.382684
vn -0.980785 0.000000 -0.195091
vn -0.980785 0.000000 -0.195091
vn -0.923880 0.000000 -0.382684
vn -0.980785 0.000000 -0.195091
vn -1.000000 0.000000 0.000003
vn -1.000000 0.000000 0.000003
vn -0.980785 0.000000 -0.195091
vn -1.000000 0.000000 0.000003
vn -0.980785 0.000000 0.195094
vn -0.980785 0.000000 0.195094
vn -1.000000 0.000000 0.000003
vn -0.043864 0.998607 0.029309
vn 0.000000 1.000000 0.000000
vn -0.048739 0.998607 0.020189
vn 0.048739 0.998608 -0.020188
vn 0.043864 0.998607 -0.029309
vn 0.000000 1.000000 0.000000
vn 0.000000 1.000000 0.000000
vn 0.043864 0.998607 -0.029309
vn 0.037304 0.998607 -0.037304
vn 0.000000 1.000000 0.000000
vn 0.037304 0.998607 -0.037304
vn 0.029309 0.998608 -0.043864
vn 0.000000 1.000000 0.000000
vn 0.029309 0.998608 -0.043864
vn 0.020189 0.998608 -0.048738
vn 0.000000 1.000000 0.000000
vn 0.020189 0.998608 -0.048738
vn 0.010292 0.998607 -0.051742
vn 0.000000 1.000000 0.000000
vn 0.010292 0.998607 -0.051742
vn 0.000000 0.998608 -0.052755
vn 0.000000 1.000000 0.000000
vn 0.000000 0.998608 -0.052755
vn -0.010292 0.998608 -0.051742
vn 0.000000 1.000000 0.000000
vn -0.010292 0.998608 -0.051742
vn -0.020188 0.998607 -0.048740
vn 0.000000 1.000000 0.000000
vn -0.020188 0.998607 -0.048740
vn -0.029309 0.998608 -0.043864
vn 0.000000 1.000000 0.000000
vn -0.029309 0.998608 -0.043864
vn -0.037304 0.998608 -0.037304
vn 0.000000 1.000000 0.000000
vn -0.037304 0.998608 -0.037304
vn -0.043864 0.998608 -0.029310
vn 0.000000 1.000000 0.000000
vn -0.043864 0.998608 -0.029310
vn -0.048739 0.998608 -0.020188
vn 0.000000 1.000000 0.000000
vn -0.048739 0.998608 -0.020188
vn -0.051742 0.998607 -0.010291
vn 0.000000 1.000000 0.000000
vn -0.051742 0.998607 -0.010291
vn -0.052755 0.998608 0.000001
vn 0.000000 1.000000 0.000000
vn -0.052755 0.998608 0.000001
vn -0.051742 0.998608 0.010293
vn 0.000000 1.000000 0.000000
vn -0.051742 0.998608 0.010293
vn -0.048739 0.998607 0.020189
vn -0.037304 0.998607 0.037303
vn 0.000000 1.000000 0.000000
vn -0.043864 0.998607 0.029309
vn -0.029309 0.998608 0.043865
vn 0.000000 1.000000 0.000000
vn -0.037304 0.998607 0.037303
vn -0.020189 0.998608 0.048739
vn 0.000000 1.000000 0.000000
vn -0.029309 0.998608 0.043865
vn -0.010292 0.998608 0.051741
vn 0.000000 1.000000 0.000000
vn -0.020189 0.998608 0.048739
vn -0.000000 0.998607 0.052755
vn 0.000000 1.000000 0.000000
vn -0.010292 0.998608 0.051741
vn 0.010292 0.998608 0.051742
vn 0.000000 1.000000 0.000000
vn -0.000000 0.998607 0.052755
vn 0.020189 0.998607 0.048739
vn 0.000000 1.000000 0.000000
vn 0.010292 0.998608 0.051742
vn 0.029309 0.998608 0.043864
vn 0.000000 1.000000 0.000000
vn 0.020189 0.998607 0.048739
vn 0.037304 0.998608 0.037305
vn 0.000000 1.000000 0.000000
vn 0.029309 0.998608 0.043864
vn 0.043864 0.998607 0.029309
vn 0.000000 1.000000 0.000000
vn 0.037304 0.998608 0.037305
vn 0.048739 0.998608 0.020189
vn 0.000000 1.000000 0.000000
vn 0.043864 0.998607 0.029309
vn 0.051741 0.998608 0.010292
vn 0.000000 1.000000 0.000000
vn 0.048739 0.998608 0.020189
vn 0.052755 0.998607 -0.000001
vn 0.000000 1.000000 0.000000
vn 0.051741 0.998608 0.010292
vn 0.051742 0.998608 -0.010292
vn 0.000000 1.000000 0.000000
vn 0.052755 0.998607 -0.000001
vn 0.048739 0.998608 -0.020188
vn 0.000000 1.000000 0.000000
vn 0.051742 0.998608 -0.010292
vn -0.048760 -0.998764 0.009699
vn -0.000000 -1.000000 -0.000000
vn -0.045931 -0.998764 0.019025
vn 0.045931 -0.998763 -0.019025
vn 0.048760 -0.998764 -0.009700
vn -0.000000 -1.000000 -0.000000
vn -0.000000 -1.000000 -0.000000
vn 0.048760 -0.998764 -0.009700
vn 0.049715 -0.998763 -0.000001
vn -0.000000 -1.000000 -0.000000
vn 0.049715 -0.998763 -0.000001
vn 0.048760 -0.998763 0.009699
vn -0.000000 -1.000000 -0.000000
vn 0.048760 -0.998763 0.009699
vn 0.045931 -0.998763 0.019025
vn -0.000000 -1.000000 -0.000000
vn 0.045931 -0.998763 0.019025
vn 0.041337 -0.998763 0.027620
vn -0.000000 -1.000000 -0.000000
vn 0.041337 -0.998763 0.027620
vn 0.035154 -0.998763 0.035154
vn -0.000000 -1.000000 -0.000000
vn 0.035154 -0.998763 0.035154
vn 0.027620 -0.998763 0.041337
vn -0.000000 -1.000000 -0.000000
vn 0.027620 -0.998763 0.041337
vn 0.019025 -0.998764 0.045931
vn -0.000000 -1.000000 -0.000000
vn 0.019025 -0.998764 0.045931
vn 0.009699 -0.998763 0.048760
vn -0.000000 -1.000000 -0.000000
vn 0.009699 -0.998763 0.048760
vn -0.000000 -0.998764 0.049715
vn -0.000000 -1.000000 -0.000000
vn -0.000000 -0.998764 0.049715
vn -0.009699 -0.998763 0.048760
vn -0.000000 -1.000000 -0.000000
vn -0.009699 -0.998763 0.048760
vn -0.019025 -0.998764 0.045931
vn -0.000000 -1.000000 -0.000000
vn -0.019025 -0.998764 0.045931
vn -0.027621 -0.998763 0.041336
vn -0.000000 -1.000000 -0.000000
vn -0.027621 -0.998763 0.041336
vn -0.035154 -0.998763 0.035154
vn -0.000000 -1.000000 -0.000000
vn -0.035154 -0.998763 0.035154
vn -0.041337 -0.998763 0.027620
vn -0.000000 -1.000000 -0.000000
vn -0.041337 -0.998763 0.027620
vn -0.045931 -0.998764 0.019025
vn -0.049715 -0.998764 -0.000000
vn -0.000000 -1.000000 -0.000000
vn -0.048760 -0.998764 0.009699
vn -0.048760 -0.998763 -0.009699
vn -0.000000 -1.000000 -0.000000
vn -0.049715 -0.998764 -0.000000
vn -0.045931 -0.998764 -0.019025
vn -0.000000 -1.000000 -0.000000
vn -0.048760 -0.998763 -0.009699
vn -0.041337 -0.998763 -0.027620
vn -0.000000 -1.000000 -0.000000
vn -0.045931 -0.998764 -0.019025
vn -0.035154 -0.998764 -0.035154
vn -0.000000 -1.000000 -0.000000
vn -0.041337 -0.998763 -0.027620
vn -0.027620 -0.998763 -0.041337
vn -0.000000 -1.000000 -0.000000
vn -0.035154 -0.998764 -0.035154
vn -0.019025 -0.998764 -0.045931
vn -0.000000 -1.000000 -0.000000
vn -0.027620 -0.998763 -0.041337
vn -0.009699 -0.998763 -0.048760
vn -0.000000 -1.000000 -0.000000
vn -0.019025 -0.998764 -0.045931
vn 0.000000 -0.998763 -0.049715
vn -0.000000 -1.000000 -0.000000
vn -0.009699 -0.998763 -0.048760
vn 0.009699 -0.998763 -0.048760
vn -0.000000 -1.000000 -0.000000
vn 0.000000 -0.998763 -0.049715
vn 0.019025 -0.998763 -0.045931
vn -0.000000 -1.000000 -0.000000
vn 0.009699 -0.998763 -0.048760
vn 0.027620 -0.998763 -0.041337
vn -0.000000 -1.000000 -0.000000
vn 0.019025 -0.998763 -0.045931
vn 0.035154 -0.998763 -0.035154
vn -0.000000 -1.000000 -0.000000
vn 0.027620 -0.998763 -0.041337
vn 0.041337 -0.998763 -0.027620
vn -0.000000 -1.000000 -0.000000
vn 0.035154 -0.998763 -0.035154
vn 0.045931 -0.998763 -0.019025
vn -0.000000 -1.000000 -0.000000
vn 0.041337 -0.998763 -0.027620
s off
g SM_Barrel
usemtl BarrelSG
f 257/65/1 258/66/2 34/67/3 33/68/4
f 258/66/5 259/69/6 35/70/7 34/67/8
f 259/69/9 260/71/10 36/72/11 35/70/12
f 260/71/13 261/73/14 37/74/15 36/72/16
f 261/73/17 262/75/18 38/76/19 37/74/20
f 262/75/21 263/605/22 39/77/23 38/76/24
f 263/605/25 264/606/26 40/607/27 39/77/28
f 264/78/29 265/80/30 41/81/31 40/79/32
f 265/80/33 266/82/34 42/83/35 41/81/36
f 266/82/37 267/84/38 43/85/39 42/83/40
f 267/84/41 268/86/42 44/87/43 43/85/44
f 268/86/45 269/88/46 45/89/47 44/87/48
f 269/88/49 270/90/50 46/91/51 45/89/52
f 270/90/53 271/92/54 47/93/55 46/91/56
f 271/92/57 272/94/58 48/95/59 47/93/60
f 272/94/61 273/96/62 49/97/63 48/95/64
f 273/96/65 274/98/66 50/99/67 49/97/68
f 274/98/69 275/100/70 51/101/71 50/99/72
f 275/100/73 276/102/74 52/103/75 51/101/76
f 276/102/77 277/104/78 53/105/79 52/103/80
f 277/104/81 278/106/82 54/107/83 53/105/84
f 278/106/85 279/108/86 55/109/87 54/107/88
f 279/108/89 280/110/90 56/111/91 55/109/92
f 280/110/93 281/112/94 57/113/95 56/111/96
f 281/112/97 282/114/98 58/115/99 57/113/100
f 282/114/101 283/116/102 59/117/103 58/115/104
f 283/116/105 284/118/106 60/119/107 59/117/108
f 284/118/109 285/120/110 61/121/111 60/119/112
f 285/120/113 286/122/114 62/123/115 61/121/116
f 286/122/117 287/124/118 63/125/119 62/123/120
f 287/124/121 288/126/122 64/127/123 63/125/124
f 288/126/125 257/65/126 33/68/127 64/127/128
f 1/128/129 2/129/130 66/130/131 65/131/132
f 2/129/133 3/132/134 67/133/135 66/130/136
f 3/132/137 4/134/138 68/135/139 67/133/140
f 4/134/141 5/136/142 69/137/143 68/135/144
f 5/136/145 6/138/146 70/139/147 69/137/148
f 6/138/149 7/608/150 71/610/151 70/139/152
f 7/608/153 8/609/154 72/611/155 71/610/156
f 8/140/157 9/142/158 73/143/159 72/141/160
f 9/142/161 10/144/162 74/145/163 73/143/164
f 10/144/165 11/146/166 75/147/167 74/145/168
f 11/146/169 12/148/170 76/149/171 75/147/172
f 12/148/173 13/150/174 77/151/175 76/149/176
f 13/150/177 14/152/178 78/153/179 77/151/180
f 14/152/181 15/154/182 79/155/183 78/153/184
f 15/154/185 16/156/186 80/157/187 79/155/188
f 16/156/189 17/158/190 81/159/191 80/157/192
f 17/158/193 18/160/194 82/161/195 81/159/196
f 18/160/197 19/162/198 83/163/199 82/161/200
f 19/162/201 20/164/202 84/165/203 83/163/204
f 20/164/205 21/166/206 85/167/207 84/165/208
f 21/166/209 22/168/210 86/169/211 85/167/212
f 22/168/213 23/170/214 87/171/215 86/169/216
f 23/170/217 24/172/218 88/173/219 87/171/220
f 24/172/221 25/174/222 89/175/223 88/173/224
f 25/174/225 26/176/226 90/177/227 89/175/228
f 26/176/229 27/178/230 91/179/231 90/177/232
f 27/178/233 28/180/234 92/181/235 91/179/236
f 28/180/237 29/182/238 93/183/239 92/181/240
f 29/182/241 30/184/242 94/185/243 93/183/244
f 30/184/245 31/186/246 95/187/247 94/185/248
f 31/186/249 32/188/250 96/189/251 95/187/252
f 32/188/253 1/128/254 65/131/255 96/189/256
f 65/131/257 66/130/258 98/190/259 97/191/260
f 66/130/261 67/133/262 99/192/263 98/190/264
f 67/133/265 68/135/266 100/193/267 99/192/268
f 68/135/269 69/137/270 101/194/271 100/193/272
f 69/137/273 70/139/274 102/195/275 101/194/276
f 70/139/277 71/610/278 103/612/279 102/195/280
f 71/610/281 72/611/282 104/613/283 103/612/284
f 72/141/285 73/143/286 105/197/287 104/196/288
f 73/143/289 74/145/290 106/198/291 105/197/292
f 74/145/293 75/147/294 107/199/295 106/198/296
f 75/147/297 76/149/298 108/200/299 107/199/300
f 76/149/301 77/151/302 109/201/303 108/200/304
f 77/151/305 78/153/306 110/202/307 109/201/308
f 78/153/309 79/155/310 111/203/311 110/202/312
f 79/155/313 80/157/314 112/204/315 111/203/316
f 80/157/317 81/159/318 113/205/319 112/204/320
f 81/159/321 82/161/322 114/206/323 113/205/324
f 82/161/325 83/163/326 115/207/327 114/206/328
f 83/163/329 84/165/330 116/208/331 115/207/332
f 84/165/333 85/167/334 117/209/335 116/208/336
f 85/167/337 86/169/338 118/210/339 117/209/340
f 86/169/341 87/171/342 119/211/343 118/210/344
f 87/171/345 88/173/346 120/212/347 119/211/348
f 88/173/349 89/175/350 121/213/351 120/212/352
f 89/175/353 90/177/354 122/214/355 121/213/356
f 90/177/357 91/179/358 123/215/359 122/214/360
f 91/179/361 92/181/362 124/216/363 123/215/364
f 92/181/365 93/183/366 125/217/367 124/216/368
f 93/183/369 94/185/370 126/218/371 125/217/372
f 94/185/373 95/187/374 127/219/375 126/218/376
f 95/187/377 96/189/378 128/220/379 127/219/380
f 96/189/381 65/131/382 97/191/383 128/220/384
f 97/191/385 98/190/386 130/221/387 129/222/388
f 98/190/389 99/192/390 131/223/391 130/221/392
f 99/192/393 100/193/394 132/224/395 131/223/396
f 100/193/397 101/194/398 133/225/399 132/224/400
f 101/194/401 102/195/402 134/226/403 133/225/404
f 102/195/405 103/612/406 135/614/407 134/226/408
f 103/612/409 104/613/410 136/615/411 135/614/412
f 104/196/413 105/197/414 137/228/415 136/227/416
f 105/197/417 106/198/418 138/229/419 137/228/420
f 106/198/421 107/199/422 139/230/423 138/229/424
f 107/199/425 108/200/426 140/231/427 139/230/428
f 108/200/429 109/201/430 141/232/431 140/231/432
f 109/201/433 110/202/434 142/233/435 141/232/436
f 110/202/437 111/203/438 143/234/439 142/233/440
f 111/203/441 112/204/442 144/235/443 143/234/444
f 112/204/445 113/205/446 145/236/447 144/235/448
f 113/205/449 114/206/450 146/237/451 145/236/452
f 114/206/453 115/207/454 147/238/455 146/237/456
f 115/207/457 116/208/458 148/239/459 147/238/460
f 116/208/461 117/209/462 149/240/463 148/239/464
f 117/209/465 118/210/466 150/241/467 149/240/468
f 118/210/469 119/211/470 151/242/471 150/241/472
f 119/211/473 120/212/474 152/243/475 151/242/476
f 120/212/477 121/213/478 153/244/479 152/243/480
f 121/213/481 122/214/482 154/245/483 153/244/484
f 122/214/485 123/215/486 155/246/487 154/245/488
f 123/215/489 124/216/490 156/247/491 155/246/492
f 124/216/493 125/217/494 157/248/495 156/247/496
f 125/217/497 126/218/498 158/249/499 157/248/500
f 126/218/501 127/219/502 159/250/503 158/249/504
f 127/219/505 128/220/506 160/251/507 159/250/508
f 128/220/509 97/191/510 129/222/511 160/251/512
f 129/222/513 130/221/514 162/252/515 161/253/516
f 130/221/517 131/223/518 163/254/519 162/252/520
f 131/223/521 132/224/522 164/255/523 163/254/524
f 132/224/525 133/225/526 165/256/527 164/255/528
f 133/225/529 134/226/530 166/257/531 165/256/532
f 134/226/533 135/614/534 167/616/535 166/257/536
f 135/614/537 136/615/538 168/617/539 167/616/540
f 136/227/541 137/228/542 169/259/543 168/258/544
f 137/228/545 138/229/546 170/260/547 169/259/548
f 138/229/549 139/230/550 171/261/551 170/260/552
f 139/230/553 140/231/554 172/262/555 171/261/556
f 140/231/557 141/232/558 173/263/559 172/262/560
f 141/232/561 142/233/562 174/264/563 173/263/564
f 142/233/565 143/234/566 175/265/567 174/264/568
f 143/234/569 144/235/570 176/266/571 175/265/572
f 144/235/573 145/236/574 177/267/575 176/266/576
f 145/236/577 146/237/578 178/268/579 177/267/580
f 146/237/581 147/238/582 179/269/583 178/268/584
f 147/238/585 148/239/586 180/270/587 179/269/588
f 148/239/589 149/240/590 181/271/591 180/270/592
f 149/240/593 150/241/594 182/272/595 181/271/596
f 150/241/597 151/242/598 183/273/599 182/272/600
f 151/242/601 152/243/602 184/274/603 183/273/604
f 152/243/605 153/244/606 185/275/607 184/274/608
f 153/244/609 154/245/610 186/276/611 185/275/612
f 154/245/613 155/246/614 187/277/615 186/276/616
f 155/246/617 156/247/618 188/278/619 187/277/620
f 156/247/621 157/248/622 189/279/623 188/278/624
f 157/248/625 158/249/626 190/280/627 189/279/628
f 158/249/629 159/250/630 191/281/631 190/280/632
f 159/250/633 160/251/634 192/282/635 191/281/636
f 160/251/637 129/222/638 161/253/639 192/282/640
f 161/253/641 162/252/642 194/485/643 193/486/644
f 162/252/645 163/254/646 195/519/647 194/485/648
f 163/254/649 164/255/650 196/520/651 195/519/652
f 164/255/653 165/256/654 197/547/655 196/520/656
f 165/256/657 166/257/658 198/548/659 197/547/660
f 166/257/661 167/616/662 199/482/663 198/548/664
f 167/616/665 168/617/666 200/481/667 199/482/668
f 168/258/669 169/259/670 201/550/671 200/549/672
f 169/259/673 170/260/674 202/551/675 201/550/676
f 170/260/677 171/261/678 203/552/679 202/551/680
f 171/261/681 172/262/682 204/553/683 203/552/684
f 172/262/685 173/263/686 205/554/687 204/553/688
f 173/263/689 174/264/690 206/555/691 205/554/692
f 174/264/693 175/265/694 207/556/695 206/555/696
f 175/265/697 176/266/698 208/557/699 207/556/700
f 176/266/701 177/267/702 209/558/703 208/557/704
f 177/267/705 178/268/706 210/559/707 209/558/708
f 178/268/709 179/269/710 211/560/711 210/559/712
f 179/269/713 180/270/714 212/561/715 211/560/716
f 180/270/717 181/271/718 213/562/719 212/561/720
f 181/271/721 182/272/722 214/563/723 213/562/724
f 182/272/725 183/273/726 215/564/727 214/563/728
f 183/273/729 184/274/730 216/565/731 215/564/732
f 184/274/733 185/275/734 217/566/735 216/565/736
f 185/275/737 186/276/738 218/567/739 217/566/740
f 186/276/741 187/277/742 219/568/743 218/567/744
f 187/277/745 188/278/746 220/569/747 219/568/748
f 188/278/749 189/279/750 221/570/751 220/569/752
f 189/279/753 190/280/754 222/571/755 221/570/756
f 190/280/757 191/281/758 223/572/759 222/571/760
f 191/281/761 192/282/762 224/573/763 223/572/764
f 192/282/765 161/253/766 193/486/767 224/573/768
f 193/486/769 194/485/770 226/574/771 225/575/772
f 194/485/773 195/519/774 227/576/775 226/574/776
f 195/519/777 196/520/778 228/577/779 227/576/780
f 196/520/781 197/547/782 229/578/783 228/577/784
f 197/547/785 198/548/786 230/579/787 229/578/788
f 198/548/789 199/482/790 231/480/791 230/579/792
f 199/482/793 200/481/794 232/479/795 231/480/796
f 200/549/797 201/550/798 233/581/799 232/580/800
f 201/550/801 202/551/802 234/582/803 233/581/804
f 202/551/805 203/552/806 235/583/807 234/582/808
f 203/552/809 204/553/810 236/584/811 235/583/812
f 204/553/813 205/554/814 237/585/815 236/584/816
f 205/554/817 206/555/818 238/586/819 237/585/820
f 206/555/821 207/556/822 239/587/823 238/586/824
f 207/556/825 208/557/826 240/588/827 239/587/828
f 208/557/829 209/558/830 241/589/831 240/588/832
f 209/558/833 210/559/834 242/590/835 241/589/836
f 210/559/837 211/560/838 243/591/839 242/590/840
f 211/560/841 212/561/842 244/592/843 243/591/844
f 212/561/845 213/562/846 245/593/847 244/592/848
f 213/562/849 214/563/850 246/594/851 245/593/852
f 214/563/853 215/564/854 247/595/855 246/594/856
f 215/564/857 216/565/858 248/596/859 247/595/860
f 216/565/861 217/566/862 249/597/863 248/596/864
f 217/566/865 218/567/866 250/598/867 249/597/868
f 218/567/869 219/568/870 251/599/871 250/598/872
f 219/568/873 220/569/874 252/600/875 251/599/876
f 220/569/877 221/570/878 253/601/879 252/600/880
f 221/570/881 222/571/882 254/602/883 253/601/884
f 222/571/885 223/572/886 255/603/887 254/602/888
f 223/572/889 224/573/890 256/604/891 255/603/892
f 224/573/893 193/486/894 225/575/895 256/604/896
f 225/575/897 226/574/898 258/66/899 257/65/900
f 226/574/901 227/576/902 259/69/903 258/66/904
f 227/576/905 228/577/906 260/71/907 259/69/908
f 228/577/909 229/578/910 261/73/911 260/71/912
f 229/578/913 230/579/914 262/75/915 261/73/916
f 230/579/917 231/480/918 263/605/919 262/75/920
f 231/480/921 232/479/922 264/606/923 263/605/924
f 232/580/925 233/581/926 265/80/927 264/78/928
f 233/581/929 234/582/930 266/82/931 265/80/932
f 234/582/933 235/583/934 267/84/935 266/82/936
f 235/583/937 236/584/938 268/86/939 267/84/940
f 236/584/941 237/585/942 269/88/943 268/86/944
f 237/585/945 238/586/946 270/90/947 269/88/948
f 238/586/949 239/587/950 271/92/951 270/90/952
f 239/587/953 240/588/954 272/94/955 271/92/956
f 240/588/957 241/589/958 273/96/959 272/94/960
f 241/589/961 242/590/962 274/98/963 273/96/964
f 242/590/965 243/591/966 275/100/967 274/98/968
f 243/591/969 244/592/970 276/102/971 275/100/972
f 244/592/973 245/593/974 277/104/975 276/102/976
f 245/593/977 246/594/978 278/106/979 277/104/980
f 246/594/981 247/595/982 279/108/983 278/106/984
f 247/595/985 248/596/986 280/110/987 279/108/988
f 248/596/989 249/597/990 281/112/991 280/110/992
f 249/597/993 250/598/994 282/114/995 281/112/996
f 250/598/997 251/599/998 283/116/999 282/114/1000
f 251/599/1001 252/600/1002 284/118/1003 283/116/1004
f 252/600/1005 253/601/1006 285/120/1007 284/118/1008
f 253/601/1009 254/602/1010 286/122/1011 285/120/1012
f 254/602/1013 255/603/1014 287/124/1015 286/122/1016
f 255/603/1017 256/604/1018 288/126/1019 287/124/1020
f 256/604/1021 225/575/1022 257/65/1023 288/126/1024
f 2/1/1025 1/2/1026 289/3/1027 290/4/1028
f 3/5/1029 2/1/1030 290/4/1031 291/6/1032
f 4/7/1033 3/5/1034 291/6/1035 292/8/1036
f 5/9/1037 4/7/1038 292/8/1039 293/10/1040
f 6/11/1041 5/9/1042 293/10/1043 294/12/1044
f 7/13/1045 6/11/1046 294/12/1047 295/14/1048
f 8/15/1049 7/13/1050 295/14/1051 296/16/1052
f 9/17/1053 8/626/1054 296/627/1055 297/18/1056
f 10/19/1057 9/17/1058 297/18/1059 298/20/1060
f 11/21/1061 10/19/1062 298/20/1063 299/22/1064
f 12/23/1065 11/21/1066 299/22/1067 300/24/1068
f 13/25/1069 12/23/1070 300/24/1071 301/26/1072
f 14/27/1073 13/25/1074 301/26/1075 302/28/1076
f 15/29/1077 14/27/1078 302/28/1079 303/30/1080
f 16/31/1081 15/29/1082 303/30/1083 304/32/1084
f 17/33/1085 16/31/1086 304/32/1087 305/34/1088
f 18/35/1089 17/33/1090 305/34/1091 306/36/1092
f 19/37/1093 18/35/1094 306/36/1095 307/38/1096
f 20/39/1097 19/37/1098 307/38/1099 308/40/1100
f 21/41/1101 20/39/1102 308/40/1103 309/42/1104
f 22/43/1105 21/41/1106 309/42/1107 310/44/1108
f 23/45/1109 22/43/1110 310/44/1111 311/46/1112
f 24/47/1113 23/45/1114 311/46/1115 312/48/1116
f 25/49/1117 24/47/1118 312/48/1119 313/50/1120
f 26/51/1121 25/49/1122 313/50/1123 314/52/1124
f 27/53/1125 26/51/1126 314/52/1127 315/54/1128
f 28/55/1129 27/53/1130 315/54/1131 316/56/1132
f 29/57/1133 28/55/1134 316/56/1135 317/58/1136
f 30/59/1137 29/57/1138 317/58/1139 318/60/1140
f 31/61/1141 30/59/1142 318/60/1143 319/62/1144
f 32/63/1145 31/61/1146 319/62/1147 320/64/1148
f 1/2/1149 32/63/1150 320/64/1151 289/3/1152
f 33/345/1153 34/346/1154 322/347/1155 321/348/1156
f 34/346/1157 35/349/1158 323/350/1159 322/347/1160
f 35/349/1161 36/351/1162 324/352/1163 323/350/1164
f 36/351/1165 37/353/1166 325/354/1167 324/352/1168
f 37/353/1169 38/355/1170 326/356/1171 325/354/1172
f 38/355/1173 39/357/1174 327/358/1175 326/356/1176
f 39/357/1177 40/624/1178 328/625/1179 327/358/1180
f 40/359/1181 41/361/1182 329/362/1183 328/360/1184
f 41/361/1185 42/363/1186 330/364/1187 329/362/1188
f 42/363/1189 43/365/1190 331/366/1191 330/364/1192
f 43/365/1193 44/367/1194 332/368/1195 331/366/1196
f 44/367/1197 45/369/1198 333/370/1199 332/368/1200
f 45/369/1201 46/371/1202 334/372/1203 333/370/1204
f 46/371/1205 47/373/1206 335/374/1207 334/372/1208
f 47/373/1209 48/375/1210 336/376/1211 335/374/1212
f 48/375/1213 49/377/1214 337/378/1215 336/376/1216
f 49/377/1217 50/379/1218 338/380/1219 337/378/1220
f 50/379/1221 51/381/1222 339/382/1223 338/380/1224
f 51/381/1225 52/383/1226 340/384/1227 339/382/1228
f 52/383/1229 53/385/1230 341/386/1231 340/384/1232
f 53/385/1233 54/387/1234 342/388/1235 341/386/1236
f 54/387/1237 55/389/1238 343/390/1239 342/388/1240
f 55/389/1241 56/391/1242 344/392/1243 343/390/1244
f 56/391/1245 57/393/1246 345/394/1247 344/392/1248
f 57/393/1249 58/395/1250 346/396/1251 345/394/1252
f 58/395/1253 59/397/1254 347/398/1255 346/396/1256
f 59/397/1257 60/399/1258 348/400/1259 347/398/1260
f 60/399/1261 61/401/1262 349/402/1263 348/400/1264
f 61/401/1265 62/403/1266 350/404/1267 349/402/1268
f 62/403/1269 63/405/1270 351/406/1271 350/404/1272
f 63/405/1273 64/407/1274 352/408/1275 351/406/1276
f 64/407/1277 33/345/1278 321/348/1279 352/408/1280
f 290/283/1281 289/284/1282 353/285/1283 354/286/1284
f 291/287/1285 290/283/1286 354/286/1287 355/288/1288
f 292/289/1289 291/287/1290 355/288/1291 356/290/1292
f 293/291/1293 292/289/1294 356/290/1295 357/292/1296
f 294/293/1297 293/291/1298 357/292/1299 358/294/1300
f 295/619/1301 294/293/1302 358/294/1303 359/620/1304
f 296/618/1305 295/619/1306 359/620/1307 360/621/1308
f 297/297/1309 296/295/1310 360/296/1311 361/298/1312
f 298/299/1313 297/297/1314 361/298/1315 362/300/1316
f 299/301/1317 298/299/1318 362/300/1319 363/302/1320
f 300/303/1321 299/301/1322 363/302/1323 364/304/1324
f 301/305/1325 300/303/1326 364/304/1327 365/306/1328
f 302/307/1329 301/305/1330 365/306/1331 366/308/1332
f 303/309/1333 302/307/1334 366/308/1335 367/310/1336
f 304/311/1337 303/309/1338 367/310/1339 368/312/1340
f 305/313/1341 304/311/1342 368/312/1343 369/314/1344
f 306/315/1345 305/313/1346 369/314/1347 370/316/1348
f 307/317/1349 306/315/1350 370/316/1351 371/318/1352
f 308/319/1353 307/317/1354 371/318/1355 372/320/1356
f 309/321/1357 308/319/1358 372/320/1359 373/322/1360
f 310/323/1361 309/321/1362 373/322/1363 374/324/1364
f 311/325/1365 310/323/1366 374/324/1367 375/326/1368
f 312/327/1369 311/325/1370 375/326/1371 376/328/1372
f 313/329/1373 312/327/1374 376/328/1375 377/330/1376
f 314/331/1377 313/329/1378 377/330/1379 378/332/1380
f 315/333/1381 314/331/1382 378/332/1383 379/334/1384
f 316/335/1385 315/333/1386 379/334/1387 380/336/1388
f 317/337/1389 316/335/1390 380/336/1391 381/338/1392
f 318/339/1393 317/337/1394 381/338/1395 382/340/1396
f 319/341/1397 318/339/1398 382/340/1399 383/342/1400
f 320/343/1401 319/341/1402 383/342/1403 384/344/1404
f 289/284/1405 320/343/1406 384/344/1407 353/285/1408
f 321/411/1409 322/412/1410 386/413/1411 385/414/1412
f 322/412/1413 323/417/1414 387/418/1415 386/413/1416
f 323/417/1417 324/419/1418 388/420/1419 387/418/1420
f 324/419/1421 325/421/1422 389/422/1423 388/420/1424
f 325/421/1425 326/423/1426 390/424/1427 389/422/1428
f 326/423/1429 327/425/1430 391/426/1431 390/424/1432
f 327/425/1433 328/622/1434 392/623/1435 391/426/1436
f 328/427/1437 329/429/1438 393/430/1439 392/428/1440
f 329/429/1441 330/431/1442 394/432/1443 393/430/1444
f 330/431/1445 331/433/1446 395/434/1447 394/432/1448
f 331/433/1449 332/435/1450 396/436/1451 395/434/1452
f 332/435/1453 333/437/1454 397/438/1455 396/436/1456
f 333/437/1457 334/439/1458 398/440/1459 397/438/1460
f 334/439/1461 335/441/1462 399/442/1463 398/440/1464
f 335/441/1465 336/443/1466 400/444/1467 399/442/1468
f 336/443/1469 337/445/1470 401/446/1471 400/444/1472
f 337/445/1473 338/447/1474 402/448/1475 401/446/1476
f 338/447/1477 339/449/1478 403/450/1479 402/448/1480
f 339/449/1481 340/453/1482 404/454/1483 403/450/1484
f 340/453/1485 341/455/1486 405/456/1487 404/454/1488
f 341/455/1489 342/457/1490 406/458/1491 405/456/1492
f 342/457/1493 343/459/1494 407/460/1495 406/458/1496
f 343/459/1497 344/461/1498 408/462/1499 407/460/1500
f 344/461/1501 345/463/1502 409/464/1503 408/462/1504
f 345/463/1505 346/465/1506 410/466/1507 409/464/1508
f 346/465/1509 347/467/1510 411/468/1511 410/466/1512
f 347/467/1513 348/469/1514 412/470/1515 411/468/1516
f 348/469/1517 349/471/1518 413/472/1519 412/470/1520
f 349/471/1521 350/473/1522 414/474/1523 413/472/1524
f 350/473/1525 351/475/1526 415/476/1527 414/474/1528
f 351/475/1529 352/477/1530 416/478/1531 415/476/1532
f 352/477/1533 321/411/1534 385/414/1535 416/478/1536
f 403/409/1537 417/410/1538 402/415/1539
f 386/416/1540 387/451/1541 417/410/1542
f 417/410/1543 387/451/1544 388/452/1545
f 417/410/1546 388/452/1547 389/483/1548
f 417/410/1549 389/483/1550 390/484/1551
f 417/410/1552 390/484/1553 391/487/1554
f 417/410/1555 391/487/1556 392/488/1557
f 417/410/1558 392/488/1559 393/489/1560
f 417/410/1561 393/489/1562 394/490/1563
f 417/410/1564 394/490/1565 395/491/1566
f 417/410/1567 395/491/1568 396/492/1569
f 417/410/1570 396/492/1571 397/493/1572
f 417/410/1573 397/493/1574 398/494/1575
f 417/410/1576 398/494/1577 399/495/1578
f 417/410/1579 399/495/1580 400/496/1581
f 417/410/1582 400/496/1583 401/497/1584
f 417/410/1585 401/497/1586 402/415/1587
f 404/498/1588 417/410/1589 403/409/1590
f 405/499/1591 417/410/1592 404/498/1593
f 406/500/1594 417/410/1595 405/499/1596
f 407/501/1597 417/410/1598 406/500/1599
f 408/502/1600 417/410/1601 407/501/1602
f 409/503/1603 417/410/1604 408/502/1605
f 410/504/1606 417/410/1607 409/503/1608
f 411/505/1609 417/410/1610 410/504/1611
f 412/506/1612 417/410/1613 411/505/1614
f 413/507/1615 417/410/1616 412/506/1617
f 414/508/1618 417/410/1619 413/507/1620
f 415/509/1621 417/410/1622 414/508/1623
f 416/510/1624 417/410/1625 415/509/1626
f 385/511/1627 417/410/1628 416/510/1629
f 386/416/1630 417/410/1631 385/511/1632
f 369/512/1633 418/513/1634 370/514/1635
f 354/515/1636 353/516/1637 418/513/1638
f 418/513/1639 353/516/1640 384/517/1641
f 418/513/1642 384/517/1643 383/518/1644
f 418/513/1645 383/518/1646 382/521/1647
f 418/513/1648 382/521/1649 381/522/1650
f 418/513/1651 381/522/1652 380/523/1653
f 418/513/1654 380/523/1655 379/524/1656
f 418/513/1657 379/524/1658 378/525/1659
f 418/513/1660 378/525/1661 377/526/1662
f 418/513/1663 377/526/1664 376/527/1665
f 418/513/1666 376/527/1667 375/528/1668
f 418/513/1669 375/528/1670 374/529/1671
f 418/513/1672 374/529/1673 373/530/1674
f 418/513/1675 373/530/1676 372/531/1677
f 418/513/1678 372/531/1679 371/532/1680
f 418/513/1681 371/532/1682 370/514/1683
f 368/533/1684 418/513/1685 369/512/1686
f 367/534/1687 418/513/1688 368/533/1689
f 366/535/1690 418/513/1691 367/534/1692
f 365/536/1693 418/513/1694 366/535/1695
f 364/537/1696 418/513/1697 365/536/1698
f 363/538/1699 418/513/1700 364/537/1701
f 362/539/1702 418/513/1703 363/538/1704
f 361/540/1705 418/513/1706 362/539/1707
f 360/541/1708 418/513/1709 361/540/1710
f 359/542/1711 418/513/1712 360/541/1713
f 358/543/1714 418/513/1715 359/542/1716
f 357/544/1717 418/513/1718 358/543/1719
f 356/545/1720 418/513/1721 357/544/1722
f 355/546/1723 418/513/1724 356/545/1725
f 354/515/1726 418/513/1727 355/546/1728
